time,tcc
2011-01-01 00:00:00,1.0
2011-01-01 04:00:00,0.9511391
2011-01-01 05:00:00,0.66860974
2011-01-01 06:00:00,0.97787374
2011-01-01 10:00:00,0.9168663
2011-01-01 11:00:00,0.7363924
2011-01-01 12:00:00,0.21361756
2011-01-01 13:00:00,0.022614568
2011-01-01 14:00:00,0.0
2011-01-05 00:00:00,0.014740676
2011-01-05 07:00:00,0.40787083
2011-01-05 08:00:00,0.9336212
2011-01-05 09:00:00,0.9704882
2011-01-05 10:00:00,0.6618955
2011-01-05 11:00:00,0.39825737
2011-01-05 12:00:00,0.26501152
2011-01-05 13:00:00,0.18227458
2011-01-05 14:00:00,0.09976652
2011-01-05 23:00:00,0.16425312
2011-01-06 00:00:00,0.46237773
2011-01-06 01:00:00,0.4091221
2011-01-06 02:00:00,0.06476128
2011-01-06 06:00:00,0.013123155
2011-01-06 07:00:00,0.67886406
2011-01-06 10:00:00,0.9852593
2011-01-06 11:00:00,0.9483619
2011-01-06 12:00:00,0.911495
2011-01-06 13:00:00,0.49854273
2011-01-06 14:00:00,0.46164528
2011-01-06 15:00:00,0.080386996
2011-01-06 17:00:00,0.002624631
2011-01-06 18:00:00,0.24050477
2011-01-06 19:00:00,0.02887094
2011-01-06 21:00:00,0.018372416
2011-01-07 02:00:00,0.07040727
2011-01-07 03:00:00,0.10202494
2011-01-07 04:00:00,0.06515801
2011-01-07 05:00:00,0.081394106
2011-01-07 06:00:00,0.6888743
2011-01-07 11:00:00,0.98263466
2011-01-07 12:00:00,0.9926144
2011-01-07 14:00:00,0.9410068
2011-01-07 17:00:00,0.6900035
2011-01-07 18:00:00,0.79736924
2011-01-07 19:00:00,0.9231227
2011-01-07 20:00:00,0.94262433
2011-01-07 21:00:00,0.8662354
2011-01-07 22:00:00,0.7688645
2011-01-07 23:00:00,0.87737477
2011-01-08 00:00:00,0.93475044
2011-01-08 01:00:00,0.88213575
2011-01-08 02:00:00,0.608762
2011-01-08 03:00:00,0.67623943
2011-01-08 04:00:00,0.5820274
2011-01-08 05:00:00,0.58312607
2011-01-08 06:00:00,0.74148905
2011-01-08 14:00:00,0.99475074
2011-01-08 15:00:00,0.9658798
2011-01-08 16:00:00,0.94375354
2011-01-08 17:00:00,0.81214046
2011-01-08 18:00:00,0.51540446
2011-01-08 19:00:00,0.5230037
2011-01-08 20:00:00,0.54512995
2011-01-08 21:00:00,0.73462224
2011-01-08 22:00:00,0.8357469
2011-01-09 00:00:00,0.91949093
2011-01-09 01:00:00,0.9352387
2011-01-09 06:00:00,0.93737507
2011-01-09 21:00:00,0.9921261
2011-01-09 22:00:00,0.9668869
2011-01-09 23:00:00,0.9842522
2011-01-10 00:00:00,0.8420032
2011-01-10 01:00:00,0.77164173
2011-01-10 02:00:00,0.49588758
2011-01-10 03:00:00,0.28039306
2011-01-10 04:00:00,0.1610181
2011-01-10 05:00:00,0.2313796
2011-01-10 06:00:00,0.63452
2011-01-10 07:00:00,0.95312285
2011-01-10 12:00:00,0.9447607
2011-01-10 13:00:00,0.86886
2011-01-10 14:00:00,0.83011615
2011-01-10 15:00:00,0.03213647
2011-01-11 02:00:00,0.20937544
2011-01-11 03:00:00,0.28625274
2011-01-11 04:00:00,0.045747936
2011-01-11 06:00:00,0.2572597
2011-01-11 07:00:00,0.05938992
2011-01-11 08:00:00,0.33953887
2011-01-11 09:00:00,0.9186059
2011-01-11 10:00:00,0.7753651
2011-01-11 11:00:00,0.9895015
2011-01-11 12:00:00,0.76089907
2011-01-11 13:00:00,0.7162498
2011-01-11 14:00:00,0.5614881
2011-01-11 15:00:00,0.5498909
2011-01-11 16:00:00,0.5730243
2011-01-11 17:00:00,0.4997635
2011-01-11 18:00:00,0.34289593
2011-01-11 19:00:00,0.22777838
2011-01-11 20:00:00,0.26000643
2011-01-11 21:00:00,0.4002411
2011-01-11 22:00:00,0.3059985
2011-01-11 23:00:00,0.0921368
2011-01-12 00:00:00,0.076877296
2011-01-12 01:00:00,0.049501777
2011-01-12 05:00:00,0.007873893
2011-01-12 06:00:00,0.23589641
2011-01-12 07:00:00,0.8820137
2011-01-12 10:00:00,0.99737537
2011-01-12 11:00:00,0.76877296
2011-01-12 12:00:00,0.6046419
2011-01-12 13:00:00,0.22649658
2011-01-12 14:00:00,0.010498524
2011-01-13 05:00:00,0.08401874
2011-01-13 06:00:00,0.83776116
2011-01-13 14:00:00,0.9173851
2011-01-13 15:00:00,0.974242
2011-01-13 16:00:00,0.67239404
2011-01-13 17:00:00,0.43127888
2011-01-13 18:00:00,0.22515374
2011-01-14 02:00:00,0.11063129
2011-01-14 03:00:00,0.34063753
2011-01-14 04:00:00,0.31524575
2011-01-14 05:00:00,0.20098272
2011-01-14 06:00:00,0.12665376
2011-01-14 12:00:00,0.83361053
2011-01-14 15:00:00,0.9673752
2011-01-14 17:00:00,0.7783865
2011-01-14 18:00:00,0.4115026
2011-01-14 19:00:00,0.16887674
2011-01-15 02:00:00,0.044649273
2011-01-15 03:00:00,0.12573817
2011-01-15 04:00:00,0.18199992
2011-01-15 05:00:00,0.27038288
2011-01-15 06:00:00,0.71148884
2011-01-15 07:00:00,0.9122274
2011-01-15 08:00:00,0.9316375
2011-01-15 10:00:00,0.9873651
2011-01-15 11:00:00,0.96786356
2011-01-15 12:00:00,0.9847405
2011-01-15 13:00:00,0.9752491
2011-01-15 14:00:00,0.91048783
2011-01-15 15:00:00,0.8652282
2011-01-15 16:00:00,0.90426195
2011-01-15 19:00:00,0.95998967
2011-01-15 20:00:00,0.9057574
2011-01-15 21:00:00,0.94524896
2011-01-15 22:00:00,0.9652389
2011-01-16 01:00:00,0.9131125
2011-01-16 02:00:00,0.9478736
2011-01-16 03:00:00,0.9695115
2011-01-16 05:00:00,0.88796484
2011-01-16 06:00:00,0.9153709
2011-01-16 07:00:00,0.9763783
2011-01-16 08:00:00,0.9579754
2011-01-16 09:00:00,0.96322465
2011-01-16 14:00:00,0.6428822
2011-01-16 15:00:00,0.2297621
2011-01-16 16:00:00,0.034120202
2011-01-16 17:00:00,0.017365307
2011-01-16 18:00:00,0.90374315
2011-01-16 19:00:00,0.98001003
2011-01-16 20:00:00,0.9238552
2011-01-16 21:00:00,0.85033494
2011-01-16 22:00:00,0.69537485
2011-01-16 23:00:00,0.6954969
2011-01-17 00:00:00,0.56237316
2011-01-17 01:00:00,0.5139701
2011-01-17 02:00:00,0.4766301
2011-01-17 03:00:00,0.5445806
2011-01-17 04:00:00,0.4283796
2011-01-17 05:00:00,0.82736945
2011-01-17 06:00:00,0.9504982
2011-01-17 07:00:00,0.5888636
2011-01-17 08:00:00,0.26488945
2011-01-17 19:00:00,0.9242519
2011-01-17 20:00:00,0.85149467
2011-01-17 22:00:00,0.96426225
2011-01-18 00:00:00,0.9136313
2011-01-18 01:00:00,0.93050826
2011-01-18 05:00:00,0.95000994
2011-01-18 06:00:00,0.957365
2011-01-19 00:00:00,0.9647506
2011-01-19 04:00:00,0.8077762
2011-01-19 05:00:00,0.71515113
2011-01-19 06:00:00,0.6183755
2011-01-19 07:00:00,0.8388598
2011-01-19 11:00:00,0.96999985
2011-01-19 13:00:00,0.8509759
2011-01-19 14:00:00,0.5641127
2011-01-19 15:00:00,0.07736561
2011-01-19 16:00:00,0.020508766
2011-01-19 17:00:00,0.17998564
2011-01-19 18:00:00,0.16150641
2011-01-19 19:00:00,0.09738606
2011-01-19 20:00:00,0.02951184
2011-01-19 21:00:00,0.005249262
2011-01-20 05:00:00,0.17324096
2011-01-20 06:00:00,0.36786047
2011-01-20 07:00:00,0.2998947
2011-01-20 09:00:00,0.8667542
2011-01-20 10:00:00,0.9036211
2011-01-20 14:00:00,0.9557475
2011-01-20 17:00:00,0.8467642
2011-01-20 18:00:00,0.6266461
2011-01-20 19:00:00,0.5009995
2011-01-20 20:00:00,0.7767689
2011-01-20 21:00:00,0.8152534
2011-01-20 22:00:00,0.80899704
2011-01-20 23:00:00,0.8242565
2011-01-21 00:00:00,0.679505
2011-01-21 01:00:00,0.5994842
2011-01-21 02:00:00,0.59484535
2011-01-21 03:00:00,0.63213956
2011-01-21 04:00:00,0.7853753
2011-01-21 05:00:00,0.88335645
2011-01-21 06:00:00,0.92171884
2011-01-21 07:00:00,0.85060966
2011-01-21 08:00:00,0.80090946
2011-01-21 09:00:00,0.7197595
2011-01-21 10:00:00,0.67974913
2011-01-21 17:00:00,0.9773854
2011-01-21 18:00:00,0.8904979
2011-01-21 19:00:00,0.64675814
2011-01-21 20:00:00,0.71597517
2011-01-21 21:00:00,0.9073749
2011-01-21 22:00:00,0.37317076
2011-01-21 23:00:00,0.09451726
2011-01-22 01:00:00,0.0942426
2011-01-22 02:00:00,0.2263745
2011-01-22 03:00:00,0.64486593
2011-01-22 05:00:00,0.76050234
2011-01-22 06:00:00,0.7316314
2011-01-22 11:00:00,0.92574733
2011-01-22 12:00:00,0.54128456
2011-01-22 13:00:00,0.6461477
2011-01-22 14:00:00,0.42352706
2011-01-22 15:00:00,0.47351715
2011-01-22 16:00:00,0.30813485
2011-01-22 17:00:00,0.12814918
2011-01-22 19:00:00,0.020997047
2011-01-22 21:00:00,0.0073855817
2011-01-23 06:00:00,0.14575863
2011-01-23 07:00:00,0.70675844
2011-01-23 08:00:00,0.90887034
2011-01-23 11:00:00,0.72088873
2011-01-23 12:00:00,0.58550656
2011-01-23 13:00:00,0.44339493
2011-01-23 14:00:00,0.079898685
2011-01-24 08:00:00,0.06787419
2011-01-24 09:00:00,0.79526347
2011-01-24 10:00:00,0.6222209
2011-01-24 11:00:00,0.10001069
2011-01-25 10:00:00,0.97161734
2011-01-25 12:00:00,0.89675426
2011-01-25 13:00:00,0.64877236
2011-01-25 14:00:00,0.56249523
2011-01-25 15:00:00,0.57149833
2011-01-25 16:00:00,0.34915233
2011-01-25 17:00:00,0.14603329
2011-01-25 18:00:00,0.17177606
2011-01-25 19:00:00,0.18138954
2011-01-25 20:00:00,0.072635174
2011-01-25 21:00:00,0.052126408
2011-01-25 22:00:00,0.042116195
2011-01-25 23:00:00,0.11377475
2011-01-26 00:00:00,0.08688754
2011-01-26 01:00:00,0.05951199
2011-01-26 02:00:00,0.044252515
2011-01-26 03:00:00,0.022126257
2011-01-26 06:00:00,0.2500267
2011-01-26 07:00:00,0.8836311
2011-01-26 08:00:00,0.92376363
2011-01-26 11:00:00,0.9816276
2011-01-26 15:00:00,0.7787832
2011-01-26 16:00:00,0.8739566
2011-01-26 17:00:00,0.8779851
2011-01-26 18:00:00,0.9501015
2011-01-26 19:00:00,0.89586926
2011-01-26 20:00:00,0.75925106
2011-01-26 21:00:00,0.6898509
2011-01-26 22:00:00,0.4253582
2011-01-26 23:00:00,0.1279966
2011-01-27 00:00:00,0.14636901
2011-01-27 01:00:00,0.044740826
2011-01-27 06:00:00,0.5649978
2011-01-27 14:00:00,0.8436208
2011-01-27 15:00:00,0.64001346
2011-01-27 16:00:00,0.8053652
2011-01-27 17:00:00,0.84484154
2011-01-27 18:00:00,0.6428517
2011-01-27 19:00:00,0.35061723
2011-01-27 20:00:00,0.34127843
2011-01-28 03:00:00,0.02624631
2011-01-28 07:00:00,0.22008759
2011-01-28 08:00:00,0.65100026
2011-01-28 11:00:00,0.8957472
2011-01-28 12:00:00,0.8926343
2011-01-28 13:00:00,0.8163826
2011-01-28 14:00:00,0.8799994
2011-01-28 15:00:00,0.8847604
2011-01-28 16:00:00,0.95162743
2011-01-28 17:00:00,0.9494911
2011-01-28 18:00:00,0.74951553
2011-01-28 19:00:00,0.6226176
2011-01-28 20:00:00,0.66900647
2011-01-28 21:00:00,0.23723924
2011-01-28 22:00:00,0.21074879
2011-01-28 23:00:00,0.12027529
2011-01-29 00:00:00,0.078769475
2011-01-29 01:00:00,0.05887109
2011-01-29 02:00:00,0.23900935
2011-01-29 03:00:00,0.308379
2011-01-29 04:00:00,0.30724978
2011-01-29 05:00:00,0.5046313
2011-01-29 06:00:00,0.623228
2011-01-29 07:00:00,0.89062
2011-01-29 10:00:00,0.9247402
2011-01-29 11:00:00,0.8573543
2011-01-29 12:00:00,0.1661453
2011-01-29 13:00:00,0.19484839
2011-01-29 17:00:00,0.015747786
2011-01-29 21:00:00,0.29287535
2011-01-30 01:00:00,0.8952589
2011-01-30 03:00:00,0.9399997
2011-01-30 07:00:00,0.98998976
2011-01-30 10:00:00,0.9626143
2011-01-30 11:00:00,0.9552592
2011-01-30 12:00:00,0.925259
2011-01-30 13:00:00,0.97213614
2011-01-30 23:00:00,0.7283659
2011-01-31 00:00:00,0.3301085
2011-01-31 01:00:00,0.047884285
2011-01-31 02:00:00,0.012634844
2011-01-31 06:00:00,0.6393725
2011-01-31 07:00:00,0.66351306
2011-01-31 08:00:00,0.8262402
2011-01-31 09:00:00,0.8299025
2011-01-31 19:00:00,0.87410927
2011-01-31 20:00:00,0.8062503
2011-01-31 21:00:00,0.7905025
2011-01-31 22:00:00,0.7551615
2011-01-31 23:00:00,0.89361084
2011-02-01 01:00:00,0.9521157
2011-02-01 03:00:00,0.78827465
2011-02-01 04:00:00,0.254513
2011-02-01 05:00:00,0.30541864
2011-02-01 06:00:00,0.3225093
2011-02-01 07:00:00,0.29400456
2011-02-01 08:00:00,0.22762579
2011-02-01 09:00:00,0.9309966
2011-02-01 10:00:00,0.90999955
2011-02-01 11:00:00,0.80011594
2011-02-01 12:00:00,0.42377123
2011-02-01 13:00:00,0.023621678
2011-02-02 03:00:00,0.09250301
2011-02-02 04:00:00,0.1278745
2011-02-02 09:00:00,0.9631331
2011-02-02 11:00:00,0.44662994
2011-02-02 16:00:00,0.28936565
2011-02-02 17:00:00,0.19310883
2011-02-03 04:00:00,0.043611616
2011-02-03 06:00:00,0.8736209
2011-02-03 08:00:00,0.84523827
2011-02-03 09:00:00,0.79465306
2011-02-03 10:00:00,0.8973647
2011-02-03 11:00:00,0.62927073
2011-02-03 12:00:00,0.5840111
2011-02-03 14:00:00,0.64050174
2011-02-03 16:00:00,0.037874043
2011-02-03 17:00:00,0.02786383
2011-02-03 22:00:00,0.19863275
2011-02-03 23:00:00,0.50524163
2011-02-04 00:00:00,0.67300445
2011-02-04 01:00:00,0.37237728
2011-02-04 06:00:00,0.28613067
2011-02-04 07:00:00,0.8883616
2011-02-04 08:00:00,0.9262357
2011-02-04 10:00:00,0.7732593
2011-02-04 11:00:00,0.65338075
2011-02-04 12:00:00,0.49027207
2011-02-04 13:00:00,0.4587765
2011-02-04 14:00:00,0.15613508
2011-02-04 15:00:00,0.042024642
2011-02-04 21:00:00,0.5657302
2011-02-04 23:00:00,0.70565975
2011-02-05 00:00:00,0.5514779
2011-02-05 05:00:00,0.7747547
2011-02-05 11:00:00,0.6343674
2011-02-05 12:00:00,0.2852456
2011-02-05 23:00:00,0.19747302
2011-02-06 00:00:00,0.39325225
2011-02-06 01:00:00,0.052523166
2011-02-06 02:00:00,0.21163383
2011-02-06 03:00:00,0.6029634
2011-02-06 04:00:00,0.2812171
2011-02-06 05:00:00,0.1206415
2011-02-06 06:00:00,0.8489921
2011-02-06 07:00:00,0.87475014
2011-02-06 09:00:00,0.95788383
2011-02-06 10:00:00,0.78311694
2011-02-06 11:00:00,0.98687685
2011-02-06 13:00:00,0.79001415
2011-02-06 14:00:00,0.16062137
2011-02-06 18:00:00,0.11139426
2011-02-06 19:00:00,0.3997528
2011-02-06 23:00:00,0.08850503
2011-02-07 01:00:00,0.14115027
2011-02-07 02:00:00,0.7225978
2011-02-07 03:00:00,0.8529596
2011-02-07 14:00:00,0.7915096
2011-02-07 15:00:00,0.6563716
2011-02-07 16:00:00,0.79410374
2011-02-07 17:00:00,0.7532083
2011-02-07 18:00:00,0.97900295
2011-02-07 19:00:00,0.7637068
2011-02-07 22:00:00,0.9595013
2011-02-08 00:00:00,0.9431126
2011-02-08 02:00:00,0.9473853
2011-02-08 03:00:00,0.9337433
2011-02-08 05:00:00,0.86260355
2011-02-08 06:00:00,0.9137534
2011-02-08 07:00:00,0.85161674
2011-02-08 08:00:00,0.79212
2011-02-08 09:00:00,0.78214025
2011-02-08 10:00:00,0.843102
2011-02-08 12:00:00,0.58037937
2011-02-08 13:00:00,0.03262478
2011-02-09 09:00:00,0.90212566
2011-02-09 10:00:00,0.7378878
2011-02-09 14:00:00,0.36203134
2011-02-09 15:00:00,0.50200665
2011-02-09 16:00:00,0.070987135
2011-02-09 22:00:00,0.11737597
2011-02-09 23:00:00,0.23775807
2011-02-10 01:00:00,0.010010213
2011-02-10 08:00:00,0.03625655
2011-02-10 10:00:00,0.2652557
2011-02-10 11:00:00,0.16848001
2011-02-10 12:00:00,0.4328659
2011-02-10 13:00:00,0.35385227
2011-02-10 14:00:00,0.272214
2011-02-10 15:00:00,0.37011886
2011-02-10 16:00:00,0.50063324
2011-02-10 17:00:00,0.5505013
2011-02-10 18:00:00,0.59099996
2011-02-10 19:00:00,0.50362414
2011-02-10 20:00:00,0.51885307
2011-02-10 21:00:00,0.36477804
2011-02-10 22:00:00,0.09564647
2011-02-11 00:00:00,0.051638097
2011-02-11 01:00:00,0.2122137
2011-02-11 02:00:00,0.25588635
2011-02-11 03:00:00,0.5053637
2011-02-11 04:00:00,0.776891
2011-02-11 05:00:00,0.8147651
2011-02-11 06:00:00,0.87426186
2011-02-11 07:00:00,0.91787344
2011-02-11 11:00:00,0.69723654
2011-02-11 12:00:00,0.109776765
2011-02-11 13:00:00,0.11615521
2011-02-11 19:00:00,0.4053683
2011-02-11 20:00:00,0.6390063
2011-02-11 21:00:00,0.69574106
2011-02-11 22:00:00,0.7257412
2011-02-11 23:00:00,0.69149894
2011-02-12 00:00:00,0.50673705
2011-02-12 01:00:00,0.26574397
2011-02-12 02:00:00,0.035249412
2011-02-12 06:00:00,0.5278562
2011-02-12 07:00:00,0.463629
2011-02-12 08:00:00,0.15888178
2011-02-12 09:00:00,0.7877863
2011-02-12 10:00:00,0.8462454
2011-02-12 11:00:00,0.3920315
2011-02-12 16:00:00,0.048860878
2011-02-12 17:00:00,0.09778279
2011-02-12 18:00:00,0.23623213
2011-02-12 20:00:00,0.039491564
2011-02-12 21:00:00,0.58785653
2011-02-12 22:00:00,0.8305129
2011-02-12 23:00:00,0.53725606
2011-02-13 00:00:00,0.5761372
2011-02-13 01:00:00,0.7488746
2011-02-13 02:00:00,0.20412618
2011-02-13 03:00:00,0.106755376
2011-02-13 04:00:00,0.77112293
2011-02-13 09:00:00,0.8795111
2011-02-13 11:00:00,0.10565668
2011-02-13 14:00:00,0.47614178
2011-02-13 15:00:00,0.02737552
2011-02-13 16:00:00,0.08951217
2011-02-13 17:00:00,0.05688736
2011-02-13 20:00:00,0.53096914
2011-02-13 21:00:00,0.9058795
2011-02-13 22:00:00,0.81174374
2011-02-13 23:00:00,0.7276029
2011-02-14 00:00:00,0.6374804
2011-02-14 01:00:00,0.6849984
2011-02-14 02:00:00,0.28384173
2011-02-14 04:00:00,0.6452627
2011-02-14 05:00:00,0.8191293
2011-02-14 10:00:00,0.9142417
2011-02-14 12:00:00,0.8983718
2011-02-14 13:00:00,0.6725161
2011-02-14 14:00:00,0.59148824
2011-02-14 15:00:00,0.62475395
2011-02-14 16:00:00,0.64990157
2011-02-14 17:00:00,0.7525064
2011-02-14 18:00:00,0.56301403
2011-02-14 19:00:00,0.21300718
2011-02-15 01:00:00,0.5112234
2011-02-16 00:00:00,0.92687654
2011-02-16 01:00:00,0.8500908
2011-02-16 02:00:00,0.83173364
2011-02-16 21:00:00,0.92837197
2011-02-16 23:00:00,0.9152488
2011-02-17 00:00:00,0.7947446
2011-02-17 02:00:00,0.86998916
2011-02-17 03:00:00,0.81574166
2011-02-17 04:00:00,0.68786716
2011-02-17 05:00:00,0.72638214
2011-02-17 06:00:00,0.9411289
2011-02-17 07:00:00,0.88686615
2011-02-17 22:00:00,0.8532343
2011-02-18 00:00:00,0.92062014
2011-02-18 01:00:00,0.9081074
2011-02-18 02:00:00,0.78073645
2011-02-18 03:00:00,0.45514473
2011-02-18 04:00:00,0.18288496
2011-02-18 05:00:00,0.6604001
2011-02-18 06:00:00,0.87786305
2011-02-18 11:00:00,0.93786335
2011-02-18 13:00:00,0.8768865
2011-02-18 14:00:00,0.61352295
2011-02-18 15:00:00,0.30825692
2011-02-18 16:00:00,0.05411014
2011-02-18 21:00:00,0.12088567
2011-02-18 22:00:00,0.1882563
2011-02-18 23:00:00,0.14411059
2011-02-19 00:00:00,0.08777258
2011-02-19 01:00:00,0.12048891
2011-02-19 02:00:00,0.51009417
2011-02-19 03:00:00,0.047243387
2011-02-19 04:00:00,0.11026505
2011-02-19 06:00:00,0.06302169
2011-02-19 07:00:00,0.7214991
2011-02-19 08:00:00,0.73575145
2011-02-19 13:00:00,0.9273648
2011-02-19 16:00:00,0.8082645
2011-02-19 17:00:00,0.20375994
2011-02-20 05:00:00,0.6182534
2011-02-20 06:00:00,0.9526346
2011-02-20 15:00:00,0.03363192
2011-02-20 16:00:00,0.15665391
2011-02-20 17:00:00,0.37976286
2011-02-20 18:00:00,0.4726321
2011-02-20 19:00:00,0.59386873
2011-02-20 20:00:00,0.7081013
2011-02-20 22:00:00,0.20748326
2011-02-21 12:00:00,0.8383715
2011-02-21 13:00:00,0.15189293
2011-02-21 14:00:00,0.053133547
2011-02-22 07:00:00,0.32687348
2011-02-22 08:00:00,0.7579998
2011-02-22 09:00:00,0.61849755
2011-02-22 10:00:00,0.27837884
2011-02-22 11:00:00,0.41363892
2011-02-22 12:00:00,0.2431294
2011-02-22 13:00:00,0.30111545
2011-02-22 18:00:00,0.8647399
2011-02-22 19:00:00,0.52324784
2011-02-22 20:00:00,0.15164879
2011-02-22 21:00:00,0.194238
2011-02-22 22:00:00,0.66836554
2011-02-22 23:00:00,0.6066257
2011-02-23 00:00:00,0.17937529
2011-02-23 01:00:00,0.27938595
2011-02-23 02:00:00,0.2751438
2011-02-23 04:00:00,0.03149557
2011-02-23 05:00:00,0.30038303
2011-02-23 06:00:00,0.92211556
2011-02-23 12:00:00,0.9726245
2011-02-23 17:00:00,0.6998917
2011-02-23 18:00:00,0.650512
2011-02-23 19:00:00,0.46051607
2011-02-23 20:00:00,0.3457342
2011-02-23 21:00:00,0.23736134
2011-02-23 22:00:00,0.22201028
2011-02-23 23:00:00,0.17525521
2011-02-24 00:00:00,0.3027635
2011-02-24 02:00:00,0.4711367
2011-02-24 03:00:00,0.76224196
2011-02-24 04:00:00,0.92000973
2011-02-24 07:00:00,0.9747608
2011-02-24 14:00:00,0.57262754
2011-02-24 15:00:00,0.3863855
2011-02-24 16:00:00,0.39587688
2011-02-24 18:00:00,0.036866933
2011-02-24 19:00:00,0.52547574
2011-02-24 20:00:00,0.39938658
2011-02-24 21:00:00,0.34899974
2011-02-24 22:00:00,0.63699204
2011-02-24 23:00:00,0.7879999
2011-02-25 00:00:00,0.7942563
2011-02-25 01:00:00,0.68313676
2011-02-25 02:00:00,0.75262845
2011-02-25 05:00:00,0.9568767
2011-02-25 10:00:00,0.96050847
2011-02-25 13:00:00,0.6987625
2011-02-25 14:00:00,0.56075567
2011-02-25 15:00:00,0.12515831
2011-02-25 17:00:00,0.08111945
2011-02-25 18:00:00,0.40387285
2011-02-25 19:00:00,0.61959624
2011-02-25 20:00:00,0.78012604
2011-02-25 21:00:00,0.7038591
2011-02-25 22:00:00,0.42749456
2011-02-25 23:00:00,0.22796148
2011-02-26 00:00:00,0.13376468
2011-02-26 01:00:00,0.18611997
2011-02-26 02:00:00,0.29452336
2011-02-26 13:00:00,0.93426216
2011-02-26 14:00:00,0.94848394
2011-02-26 15:00:00,0.8474967
2011-02-26 17:00:00,0.68798923
2011-02-26 18:00:00,0.8678528
2011-02-26 19:00:00,0.8068912
2011-02-26 20:00:00,0.73776567
2011-02-26 21:00:00,0.6720278
2011-02-26 22:00:00,0.687623
2011-02-26 23:00:00,0.51039934
2011-02-27 00:00:00,0.400882
2011-02-27 01:00:00,0.6042452
2011-02-27 02:00:00,0.85112846
2011-02-27 03:00:00,0.8245006
2011-02-27 04:00:00,0.8046328
2011-02-27 13:00:00,0.7446325
2011-02-27 14:00:00,0.616758
2011-02-27 15:00:00,0.28323135
2011-02-28 06:00:00,0.2522241
2011-02-28 10:00:00,0.83151996
2011-02-28 13:00:00,0.54210854
2011-02-28 14:00:00,0.048372567
2011-02-28 20:00:00,0.33764666
2011-02-28 22:00:00,0.071628034
2011-02-28 23:00:00,0.49149284
2011-03-01 00:00:00,0.2789892
2011-03-01 02:00:00,0.41565317
2011-03-01 03:00:00,0.25787008
2011-03-01 04:00:00,0.14749822
2011-03-01 05:00:00,0.289091
2011-03-01 06:00:00,0.63723624
2011-03-01 10:00:00,0.9331329
2011-03-01 11:00:00,0.75412387
2011-03-01 12:00:00,0.50948375
2011-03-01 14:00:00,0.60900617
2011-03-01 15:00:00,0.4368944
2011-03-01 16:00:00,0.22423816
2011-03-01 17:00:00,0.23485878
2011-03-01 18:00:00,0.054262727
2011-03-01 22:00:00,0.12851539
2011-03-01 23:00:00,0.23998597
2011-03-02 00:00:00,0.7347443
2011-03-02 01:00:00,0.86687624
2011-03-02 02:00:00,0.72384906
2011-03-02 03:00:00,0.17958891
2011-03-02 05:00:00,0.074740976
2011-03-02 06:00:00,0.3223872
2011-03-02 07:00:00,0.73736894
2011-03-02 09:00:00,0.743015
2011-03-02 10:00:00,0.8757267
2011-03-02 12:00:00,0.6125158
2011-03-02 13:00:00,0.102635324
2011-03-02 23:00:00,0.4301497
2011-03-03 05:00:00,0.4121435
2011-03-03 06:00:00,0.7948667
2011-03-03 07:00:00,0.9768666
2011-03-03 08:00:00,0.9295012
2011-03-03 09:00:00,0.89000964
2011-03-03 10:00:00,0.810645
2011-03-03 12:00:00,0.80475485
2011-03-03 13:00:00,0.8553706
2011-03-03 14:00:00,0.5543467
2011-03-03 15:00:00,0.33786032
2011-03-03 16:00:00,0.6289961
2011-03-03 17:00:00,0.98211586
2011-03-03 19:00:00,0.8320388
2011-03-03 20:00:00,0.607236
2011-03-03 21:00:00,0.66625977
2011-03-03 22:00:00,0.86535025
2011-03-03 23:00:00,0.51412266
2011-03-04 00:00:00,0.6320175
2011-03-04 02:00:00,0.76138735
2011-03-04 03:00:00,0.22338364
2011-03-04 04:00:00,0.47852227
2011-03-04 05:00:00,0.6647643
2011-03-04 06:00:00,0.93697834
2011-03-04 10:00:00,0.90273607
2011-03-04 12:00:00,0.6758732
2011-03-04 22:00:00,0.0152594745
2011-03-05 04:00:00,0.9031328
2011-03-05 12:00:00,0.67736864
2011-03-06 05:00:00,0.3852563
2011-03-06 06:00:00,0.6231059
2011-03-06 08:00:00,0.93838215
2011-03-06 10:00:00,0.9357575
2011-03-06 11:00:00,0.8156501
2011-03-06 12:00:00,0.35339448
2011-03-06 13:00:00,0.076144844
2011-03-06 14:00:00,0.10724369
2011-03-06 15:00:00,0.09851524
2011-03-07 05:00:00,0.3154899
2011-03-07 06:00:00,0.8979751
2011-03-07 12:00:00,0.7713976
2011-03-07 13:00:00,0.42551082
2011-03-07 14:00:00,0.09088552
2011-03-07 15:00:00,0.19524515
2011-03-07 16:00:00,0.4243511
2011-03-07 17:00:00,0.33337402
2011-03-08 04:00:00,0.5708879
2011-03-08 16:00:00,0.7999939
2011-03-08 17:00:00,0.76361525
2011-03-08 18:00:00,0.8183663
2011-03-08 19:00:00,0.6952528
2011-03-08 20:00:00,0.712496
2011-03-08 21:00:00,0.5725055
2011-03-08 22:00:00,0.48401567
2011-03-08 23:00:00,0.60915875
2011-03-09 00:00:00,0.63864005
2011-03-09 01:00:00,0.7418858
2011-03-09 03:00:00,0.74664676
2011-03-09 04:00:00,0.805762
2011-03-09 05:00:00,0.8831123
2011-03-09 07:00:00,0.825874
2011-03-09 08:00:00,0.88900244
2011-03-09 18:00:00,0.94573724
2011-03-10 02:00:00,0.7079487
2011-03-10 05:00:00,0.0572536
2011-03-10 13:00:00,0.7374605
2011-03-11 08:00:00,0.32861307
2011-03-11 16:00:00,0.7345307
2011-03-11 19:00:00,0.32891825
2011-03-11 20:00:00,0.37164482
2011-03-11 21:00:00,0.5646316
2011-03-11 22:00:00,0.69589365
2011-03-11 23:00:00,0.7279691
2011-03-12 00:00:00,0.4918896
2011-03-12 01:00:00,0.5987518
2011-03-12 02:00:00,0.44989547
2011-03-12 03:00:00,0.15375459
2011-03-12 12:00:00,0.8563777
2011-03-12 13:00:00,0.9016373
2011-03-12 14:00:00,0.3133536
2011-03-12 18:00:00,0.8303908
2011-03-13 06:00:00,0.95425206
2011-03-13 07:00:00,0.85747635
2011-03-13 08:00:00,0.8395923
2011-03-13 09:00:00,0.83063495
2011-03-13 10:00:00,0.84261364
2011-03-13 11:00:00,0.7290983
2011-03-13 12:00:00,0.13776267
2011-03-13 13:00:00,0.055147797
2011-03-13 14:00:00,0.075137705
2011-03-13 15:00:00,0.03677538
2011-03-13 16:00:00,0.15412083
2011-03-13 17:00:00,0.4110143
2011-03-13 18:00:00,0.42474782
2011-03-13 19:00:00,0.50383776
2011-03-13 20:00:00,0.79123497
2011-03-13 21:00:00,0.8654723
2011-03-13 23:00:00,0.5362489
2011-03-14 00:00:00,0.84923625
2011-03-14 01:00:00,0.66638184
2011-03-14 02:00:00,0.30105442
2011-03-14 03:00:00,0.2824989
2011-03-14 04:00:00,0.76312697
2011-03-14 05:00:00,0.96212596
2011-03-14 10:00:00,0.9689927
2011-03-14 11:00:00,0.20137945
2011-03-14 13:00:00,0.10138404
2011-03-14 14:00:00,0.9204981
2011-03-14 16:00:00,0.68911844
2011-03-14 21:00:00,0.040498674
2011-03-14 22:00:00,0.08786413
2011-03-15 11:00:00,0.077884436
2011-03-15 12:00:00,0.39514443
2011-03-15 13:00:00,0.7562602
2011-03-15 15:00:00,0.8631224
2011-03-15 16:00:00,0.86211526
2011-03-15 18:00:00,0.8816169
2011-03-15 19:00:00,0.8690126
2011-03-15 20:00:00,0.71301484
2011-03-15 21:00:00,0.8599789
2011-03-16 00:00:00,0.5273679
2011-03-16 01:00:00,0.21523508
2011-03-16 06:00:00,0.44238782
2011-03-16 07:00:00,0.76736915
2011-03-16 09:00:00,0.8988601
2011-03-16 13:00:00,0.7456396
2011-03-16 14:00:00,0.6771245
2011-03-16 18:00:00,0.8893687
2011-03-16 19:00:00,0.6456289
2011-03-16 20:00:00,0.5997589
2011-03-16 22:00:00,0.8597348
2011-03-16 23:00:00,0.70639217
2011-03-17 00:00:00,0.6116308
2011-03-17 01:00:00,0.69262815
2011-03-17 02:00:00,0.7483863
2011-03-17 03:00:00,0.55337006
2011-03-17 05:00:00,0.8695009
2011-03-17 16:00:00,0.8221202
2011-03-17 17:00:00,0.6272565
2011-03-17 18:00:00,0.7646529
2011-03-17 20:00:00,0.891505
2011-03-17 21:00:00,0.82202864
2011-03-17 23:00:00,0.68039
2011-03-18 00:00:00,0.87047744
2011-03-18 01:00:00,0.70877266
2011-03-18 02:00:00,0.814643
2011-03-18 04:00:00,0.9416172
2011-03-18 05:00:00,0.9269681
2011-03-18 06:00:00,0.8213572
2011-03-18 07:00:00,0.7496071
2011-03-18 08:00:00,0.85820884
2011-03-18 09:00:00,0.81149954
2011-03-18 11:00:00,0.82376814
2011-03-20 00:00:00,0.9188806
2011-03-20 11:00:00,0.9147605
2011-03-20 14:00:00,0.822639
2011-03-20 15:00:00,0.43927488
2011-03-20 16:00:00,0.4631407
2011-03-20 17:00:00,0.70837593
2011-03-20 18:00:00,0.86275613
2011-03-20 19:00:00,0.9737537
2011-03-20 23:00:00,0.9078632
2011-03-21 05:00:00,0.8373644
2011-03-21 06:00:00,0.90172887
2011-03-21 09:00:00,0.8033815
2011-03-21 10:00:00,0.34924388
2011-03-21 11:00:00,0.65048146
2011-03-21 12:00:00,0.6693727
2011-03-21 13:00:00,0.6820991
2011-03-21 14:00:00,0.3476264
2011-03-21 15:00:00,0.47492105
2011-03-21 16:00:00,0.7777761
2011-03-21 17:00:00,0.45837975
2011-03-21 18:00:00,0.35513407
2011-03-21 20:00:00,0.7679795
2011-03-21 21:00:00,0.78589416
2011-03-21 22:00:00,0.4299971
2011-03-22 04:00:00,0.14252362
2011-03-22 05:00:00,0.3952665
2011-03-22 06:00:00,0.4430287
2011-03-22 07:00:00,0.9159813
2011-03-22 08:00:00,0.95275664
2011-03-22 16:00:00,0.80786777
2011-03-22 17:00:00,0.71887445
2011-03-22 18:00:00,0.61514044
2011-03-22 19:00:00,0.70498836
2011-03-22 20:00:00,0.66033906
2011-03-22 21:00:00,0.1479865
2011-03-22 22:00:00,0.111150116
2011-03-23 05:00:00,0.45950896
2011-03-23 06:00:00,0.917965
2011-03-23 07:00:00,0.91073203
2011-03-23 08:00:00,0.9068866
2011-03-23 09:00:00,0.81409365
2011-03-23 10:00:00,0.4596005
2011-03-23 11:00:00,0.51186424
2011-03-23 12:00:00,0.22173563
2011-03-23 13:00:00,0.103764504
2011-03-23 20:00:00,0.06637877
2011-03-23 23:00:00,0.16010255
2011-03-24 01:00:00,0.30898935
2011-03-24 02:00:00,0.4042696
2011-03-24 03:00:00,0.42688417
2011-03-24 04:00:00,0.37951872
2011-03-24 05:00:00,0.6826179
2011-03-24 07:00:00,0.90063024
2011-03-24 08:00:00,0.94796515
2011-03-24 09:00:00,0.9532449
2011-03-24 11:00:00,0.97112906
2011-03-24 15:00:00,0.7569927
2011-03-24 16:00:00,0.3061511
2011-03-24 17:00:00,0.4557551
2011-03-24 18:00:00,0.4142493
2011-03-24 19:00:00,0.28750402
2011-03-24 20:00:00,0.103245705
2011-03-24 21:00:00,0.18434986
2011-03-25 07:00:00,0.50985
2011-03-25 09:00:00,0.69137686
2011-03-25 10:00:00,0.5014878
2011-03-25 11:00:00,0.13565683
2011-03-26 07:00:00,0.36187875
2011-03-26 19:00:00,0.85274595
2011-03-26 20:00:00,0.63375705
2011-03-26 21:00:00,0.5654861
2011-03-26 22:00:00,0.5244991
2011-03-26 23:00:00,0.48923442
2011-03-27 00:00:00,0.35235682
2011-03-27 01:00:00,0.14011261
2011-03-27 07:00:00,0.05899319
2011-03-27 08:00:00,0.29549998
2011-03-27 09:00:00,0.66146827
2011-03-27 10:00:00,0.78772527
2011-03-27 11:00:00,0.8901012
2011-03-27 12:00:00,0.9183618
2011-03-27 23:00:00,0.5081104
2011-03-28 00:00:00,0.3566295
2011-03-28 01:00:00,0.33450323
2011-03-28 02:00:00,0.31024063
2011-03-28 03:00:00,0.25698504
2011-03-28 04:00:00,0.18322065
2011-03-28 05:00:00,0.09589061
2011-03-28 08:00:00,0.5614576
2011-03-28 10:00:00,0.56783605
2011-03-28 14:00:00,0.2654693
2011-03-28 16:00:00,0.22646606
2011-03-28 17:00:00,0.2612272
2011-03-28 18:00:00,0.1700975
2011-03-28 19:00:00,0.12738621
2011-03-28 20:00:00,0.38724002
2011-03-28 21:00:00,0.40402544
2011-03-28 22:00:00,0.12604338
2011-03-29 00:00:00,0.22475699
2011-03-29 01:00:00,0.81162167
2011-03-29 03:00:00,0.5783651
2011-03-29 04:00:00,0.11411044
2011-03-29 06:00:00,0.6531366
2011-03-29 07:00:00,0.95474035
2011-03-29 08:00:00,0.9368868
2011-03-29 18:00:00,0.5642348
2011-03-29 19:00:00,0.36123785
2011-03-30 01:00:00,0.23861262
2011-03-30 02:00:00,0.40335405
2011-03-30 03:00:00,0.46787116
2011-03-30 04:00:00,0.4895091
2011-03-30 05:00:00,0.32485923
2011-03-30 06:00:00,0.91335666
2011-03-30 18:00:00,0.9326141
2011-03-31 00:00:00,0.9209864
2011-03-31 03:00:00,0.90410936
2011-03-31 04:00:00,0.7847649
2011-03-31 05:00:00,0.82498896
2011-03-31 06:00:00,0.8458792
2011-03-31 07:00:00,0.8921154
2011-03-31 09:00:00,0.9317291
2011-03-31 19:00:00,0.6990066
2011-03-31 20:00:00,0.74798954
2011-03-31 21:00:00,0.5599927
2011-03-31 22:00:00,0.4845345
2011-04-01 00:00:00,0.7756398
2011-04-01 01:00:00,0.6897594
2011-04-01 03:00:00,0.7492714
2011-04-01 04:00:00,0.5206537
2011-04-01 05:00:00,0.3704851
2011-04-01 06:00:00,0.8119879
2011-04-01 07:00:00,0.94485223
2011-04-01 08:00:00,0.94747686
2011-04-01 09:00:00,0.9685044
2011-04-01 21:00:00,0.9216273
2011-04-01 22:00:00,0.5772359
2011-04-02 02:00:00,0.34072912
2011-04-02 03:00:00,0.5295958
2011-04-02 04:00:00,0.79974973
2011-04-02 14:00:00,0.7993835
2011-04-02 16:00:00,0.36737216
2011-04-02 17:00:00,0.16526026
2011-04-02 18:00:00,0.09262508
2011-04-02 19:00:00,0.102116495
2011-04-02 22:00:00,0.23113546
2011-04-02 23:00:00,0.18587583
2011-04-03 00:00:00,0.20797154
2011-04-03 01:00:00,0.5922207
2011-04-03 02:00:00,0.80951583
2011-04-03 11:00:00,0.81888515
2011-04-03 13:00:00,0.69827414
2011-04-03 14:00:00,0.58837533
2011-04-03 15:00:00,0.5688737
2011-04-03 16:00:00,0.59423494
2011-04-03 17:00:00,0.8299941
2011-04-03 19:00:00,0.82364607
2011-04-03 20:00:00,0.8878733
2011-04-03 22:00:00,0.7393832
2011-04-03 23:00:00,0.6325058
2011-04-04 01:00:00,0.41614148
2011-04-04 02:00:00,0.42624328
2011-04-04 03:00:00,0.54638124
2011-04-04 04:00:00,0.5085072
2011-04-04 17:00:00,0.017884135
2011-04-04 20:00:00,0.32263136
2011-04-04 21:00:00,0.40588713
2011-04-04 22:00:00,0.21425846
2011-04-05 04:00:00,0.17696428
2011-04-05 07:00:00,0.8478629
2011-04-05 17:00:00,0.3925198
2011-04-05 18:00:00,0.18935499
2011-04-05 20:00:00,0.044130445
2011-04-05 22:00:00,0.12338823
2011-04-06 00:00:00,0.49515513
2011-04-06 01:00:00,0.7909908
2011-04-06 02:00:00,0.9047503
2011-04-06 03:00:00,0.89474005
2011-04-06 05:00:00,0.8674866
2011-04-07 07:00:00,0.8814948
2011-04-07 15:00:00,0.7558329
2011-04-07 16:00:00,0.324493
2011-04-07 18:00:00,0.36398456
2011-04-07 19:00:00,0.5923733
2011-04-07 20:00:00,0.91436374
2011-04-07 22:00:00,0.92123055
2011-04-07 23:00:00,0.89861596
2011-04-08 00:00:00,0.8604978
2011-04-08 01:00:00,0.83473974
2011-04-08 02:00:00,0.8268811
2011-04-08 03:00:00,0.67846733
2011-04-08 04:00:00,0.5014573
2011-04-08 05:00:00,0.3761006
2011-04-08 06:00:00,0.8844857
2011-04-08 11:00:00,0.8284986
2011-04-08 12:00:00,0.18361741
2011-04-09 01:00:00,0.07937986
2011-04-09 02:00:00,0.08887127
2011-04-09 03:00:00,0.07202479
2011-04-09 05:00:00,0.039369494
2011-04-09 07:00:00,0.47934628
2011-04-09 08:00:00,0.74936295
2011-04-09 09:00:00,0.9169884
2011-04-09 10:00:00,0.9002335
2011-04-09 11:00:00,0.89074206
2011-04-09 12:00:00,0.8701112
2011-04-09 13:00:00,0.9053607
2011-04-09 16:00:00,0.80252695
2011-04-09 17:00:00,0.34500176
2011-04-09 18:00:00,0.09637892
2011-04-10 00:00:00,0.22835824
2011-04-10 01:00:00,0.74524283
2011-04-10 02:00:00,0.86837167
2011-04-10 08:00:00,0.91848385
2011-04-10 12:00:00,0.9385043
2011-04-10 13:00:00,0.7607465
2011-04-10 16:00:00,0.47778982
2011-04-10 17:00:00,0.6273786
2011-04-10 18:00:00,0.8279798
2011-04-10 19:00:00,0.8416065
2011-04-10 20:00:00,0.739017
2011-04-10 21:00:00,0.88262403
2011-04-10 22:00:00,0.52550626
2011-04-10 23:00:00,0.27810416
2011-04-11 02:00:00,0.20647612
2011-04-11 03:00:00,0.15485328
2011-04-11 06:00:00,0.43509376
2011-04-11 07:00:00,0.75949526
2011-04-11 20:00:00,0.90322435
2011-04-11 21:00:00,0.83910394
2011-04-11 22:00:00,0.83225244
2011-04-11 23:00:00,0.8296278
2011-04-12 00:00:00,0.8021302
2011-04-12 01:00:00,0.8209909
2011-04-12 03:00:00,0.6007355
2011-04-12 04:00:00,0.43860346
2011-04-12 05:00:00,0.67376745
2011-04-12 12:00:00,0.83623517
2011-04-13 03:00:00,0.9014847
2011-04-13 04:00:00,0.7988647
2011-04-13 05:00:00,0.65148854
2011-04-13 06:00:00,0.48624358
2011-04-13 07:00:00,0.7578777
2011-04-13 09:00:00,0.83112323
2011-04-13 10:00:00,0.8481071
2011-04-14 04:00:00,0.25014877
2011-04-14 05:00:00,0.20601833
2011-04-14 06:00:00,0.20009765
2011-04-14 07:00:00,0.49237788
2011-04-14 11:00:00,0.7641036
2011-04-14 12:00:00,0.17162347
2011-04-14 19:00:00,0.29910123
2011-04-14 20:00:00,0.72497827
2011-04-14 21:00:00,0.9201013
2011-04-14 22:00:00,0.9490028
2011-04-14 23:00:00,0.95638835
2011-04-15 01:00:00,0.18712708
2011-04-15 07:00:00,0.44647735
2011-04-15 10:00:00,0.959013
2011-04-15 12:00:00,0.7978576
2011-04-15 16:00:00,0.5866052
2011-04-15 17:00:00,0.21172538
2011-04-16 09:00:00,0.07950193
2011-04-16 10:00:00,0.42737246
2011-04-16 12:00:00,0.11563641
2011-04-16 13:00:00,0.4458975
2011-04-16 17:00:00,0.1977477
2011-04-17 07:00:00,0.67449987
2011-04-17 08:00:00,0.9663681
2011-04-18 00:00:00,0.84099615
2011-04-18 01:00:00,0.4888682
2011-04-18 02:00:00,0.40677217
2011-04-18 03:00:00,0.48377153
2011-04-18 04:00:00,0.58950454
2011-04-18 05:00:00,0.4968947
2011-04-18 06:00:00,0.38537836
2011-04-18 07:00:00,0.5389956
2011-04-18 08:00:00,0.65536445
2011-04-18 09:00:00,0.72351336
2011-04-18 10:00:00,0.8752384
2011-04-18 11:00:00,0.43301848
2011-04-18 12:00:00,0.2836281
2011-04-18 13:00:00,0.4800177
2011-04-18 14:00:00,0.79575175
2011-04-18 16:00:00,0.74991226
2011-04-18 17:00:00,0.662628
2011-04-18 18:00:00,0.61114246
2011-04-18 20:00:00,0.6889964
2011-04-18 21:00:00,0.6589962
2011-04-18 22:00:00,0.49887842
2011-04-19 00:00:00,0.61300415
2011-04-19 01:00:00,0.48926497
2011-04-19 19:00:00,0.52825296
2011-04-19 20:00:00,0.26464528
2011-04-19 21:00:00,0.26250896
2011-04-19 22:00:00,0.39264187
2011-04-19 23:00:00,0.44965133
2011-04-20 00:00:00,0.64602566
2011-04-20 03:00:00,0.8193735
2011-04-20 04:00:00,0.7367586
2011-04-20 05:00:00,0.79224205
2011-04-20 06:00:00,0.8948621
2011-04-21 06:00:00,0.90523857
2011-04-21 09:00:00,0.86098605
2011-04-21 10:00:00,0.80362564
2011-04-21 11:00:00,0.887385
2011-04-23 01:00:00,0.940488
2011-04-23 03:00:00,0.5802573
2011-04-23 04:00:00,0.66076636
2011-04-23 05:00:00,0.60564905
2011-04-23 06:00:00,0.5097585
2011-04-23 07:00:00,0.5872461
2011-04-23 08:00:00,0.3581249
2011-04-23 22:00:00,0.2900371
2011-04-24 00:00:00,0.58260727
2011-04-24 02:00:00,0.34664977
2011-04-24 03:00:00,0.28466576
2011-04-24 04:00:00,0.2625395
2011-04-24 05:00:00,0.32153267
2011-04-24 06:00:00,0.025758028
2011-04-28 07:00:00,0.6710818
2011-04-28 08:00:00,0.73007494
2011-04-28 12:00:00,0.31173608
2011-04-28 13:00:00,0.5648452
2011-04-28 14:00:00,0.56347185
2011-04-28 16:00:00,0.037385732
2011-04-28 18:00:00,0.16223887
2011-04-28 19:00:00,0.2212168
2011-04-28 20:00:00,0.21386173
2011-04-29 05:00:00,0.4650939
2011-04-29 06:00:00,0.7351105
2011-04-29 07:00:00,0.7549784
2011-04-29 08:00:00,0.7868707
2011-04-29 14:00:00,0.2224986
2011-04-29 15:00:00,0.11902401
2011-04-29 16:00:00,0.07089558
2011-04-29 17:00:00,0.31826714
2011-04-29 18:00:00,0.50563836
2011-04-29 19:00:00,0.35049516
2011-04-29 20:00:00,0.34375048
2011-04-29 21:00:00,0.27688342
2011-04-29 22:00:00,0.31573406
2011-04-29 23:00:00,0.38788092
2011-04-30 00:00:00,0.73263854
2011-04-30 01:00:00,0.8842415
2011-04-30 02:00:00,0.88524866
2011-04-30 05:00:00,0.7088642
2011-04-30 07:00:00,0.78363574
2011-04-30 21:00:00,0.8073795
2011-04-30 22:00:00,0.7861383
2011-04-30 23:00:00,0.675507
2011-05-01 02:00:00,0.7123739
2011-05-01 04:00:00,0.5609998
2011-05-01 05:00:00,0.31100363
2011-05-01 06:00:00,0.651397
2011-05-01 07:00:00,0.8215098
2011-05-01 08:00:00,0.7282743
2011-05-01 10:00:00,0.12427327
2011-05-01 11:00:00,0.44821692
2011-05-01 12:00:00,0.5559947
2011-05-01 13:00:00,0.7090168
2011-05-02 12:00:00,0.82163185
2011-05-02 13:00:00,0.6951002
2011-05-02 14:00:00,0.6567073
2011-05-02 15:00:00,0.42609066
2011-05-02 16:00:00,0.06161782
2011-05-02 17:00:00,0.024750888
2011-05-02 20:00:00,0.07724354
2011-05-02 21:00:00,0.3560191
2011-05-02 22:00:00,0.40976304
2011-05-03 02:00:00,0.8940991
2011-05-03 04:00:00,0.23791066
2011-05-03 05:00:00,0.035737723
2011-05-04 08:00:00,0.6773381
2011-05-04 09:00:00,0.82773566
2011-05-04 18:00:00,0.87462807
2011-05-04 19:00:00,0.5575206
2011-05-04 21:00:00,0.29476753
2011-05-05 02:00:00,0.25375003
2011-05-05 03:00:00,0.27062702
2011-05-05 05:00:00,0.70474416
2011-05-05 06:00:00,0.95535076
2011-05-05 16:00:00,0.9306303
2011-05-05 17:00:00,0.12936994
2011-05-06 06:00:00,0.59246486
2011-05-06 07:00:00,0.62072545
2011-05-06 10:00:00,0.9506203
2011-05-06 13:00:00,0.88573694
2011-05-06 14:00:00,0.9442418
2011-05-06 20:00:00,0.8491142
2011-05-06 23:00:00,0.55724597
2011-05-07 00:00:00,0.19463477
2011-05-07 01:00:00,0.325256
2011-05-07 02:00:00,0.33688372
2011-05-07 03:00:00,0.5763814
2011-05-07 04:00:00,0.5426274
2011-05-07 05:00:00,0.7506447
2011-05-07 06:00:00,0.7210108
2011-05-07 10:00:00,0.8837532
2011-05-07 12:00:00,0.8673645
2011-05-07 13:00:00,0.91112876
2011-05-08 02:00:00,0.8541193
2011-05-08 03:00:00,0.8401111
2011-05-08 05:00:00,0.8100041
2011-05-08 06:00:00,0.83898187
2011-05-08 07:00:00,0.85234916
2011-05-08 13:00:00,0.92361104
2011-05-08 15:00:00,0.91573715
2011-05-08 19:00:00,0.9432347
2011-05-09 03:00:00,0.4100377
2011-05-09 04:00:00,0.21264097
2011-05-09 07:00:00,0.21926358
2011-05-09 08:00:00,0.6866464
2011-05-09 14:00:00,0.72711456
2011-05-09 15:00:00,0.43347627
2011-05-09 18:00:00,0.24074894
2011-05-09 19:00:00,0.31426913
2011-05-09 20:00:00,0.22851083
2011-05-09 21:00:00,0.22500116
2011-05-09 22:00:00,0.09402895
2011-05-10 00:00:00,0.10190287
2011-05-10 01:00:00,0.17852074
2011-05-10 07:00:00,0.15314421
2011-05-10 08:00:00,0.89498425
2011-05-10 12:00:00,0.96063054
2011-05-11 03:00:00,0.77048206
2011-05-11 04:00:00,0.4039644
2011-05-11 05:00:00,0.4461111
2011-05-11 06:00:00,0.58034885
2011-05-11 07:00:00,0.5169609
2011-05-11 08:00:00,0.6331161
2011-05-11 09:00:00,0.76163155
2011-05-11 10:00:00,0.7896174
2011-05-11 12:00:00,0.9395114
2011-05-11 13:00:00,0.8726138
2011-05-11 16:00:00,0.6994949
2011-05-11 19:00:00,0.89635754
2011-05-12 01:00:00,0.9089924
2011-05-12 03:00:00,0.1914913
2011-05-12 04:00:00,0.2258862
2011-05-12 06:00:00,0.5297484
2011-05-12 10:00:00,0.8557368
2011-05-12 16:00:00,0.90838206
2011-05-12 20:00:00,0.46063817
2011-05-12 23:00:00,0.16464987
2011-05-13 00:00:00,0.41836938
2011-05-13 02:00:00,0.36578518
2011-05-13 03:00:00,0.26992506
2011-05-13 04:00:00,0.13425297
2011-05-13 05:00:00,0.34948805
2011-05-13 06:00:00,0.5288633
2011-05-13 07:00:00,0.61886376
2011-05-13 09:00:00,0.8252636
2011-05-13 20:00:00,0.9110067
2011-05-13 21:00:00,0.8620237
2011-05-13 23:00:00,0.86724246
2011-05-14 05:00:00,0.6257305
2011-05-14 06:00:00,0.7699938
2011-05-14 07:00:00,0.6304915
2011-05-14 08:00:00,0.7626387
2011-05-14 09:00:00,0.8721255
2011-05-14 10:00:00,0.8542414
2011-05-14 12:00:00,0.91588974
2011-05-14 15:00:00,0.8758793
2011-05-14 16:00:00,0.84648955
2011-05-14 17:00:00,0.1362367
2011-05-14 18:00:00,0.12213695
2011-05-14 19:00:00,0.08212656
2011-05-14 21:00:00,0.1330322
2011-05-14 22:00:00,0.6076328
2011-05-15 04:00:00,0.31417757
2011-05-15 10:00:00,0.099369794
2011-05-15 11:00:00,0.040986985
2011-05-16 10:00:00,0.101506114
2011-05-17 07:00:00,0.08374408
2011-05-17 08:00:00,0.69522226
2011-05-17 09:00:00,0.6644896
2011-05-17 10:00:00,0.8035036
2011-05-17 11:00:00,0.6554866
2011-05-17 12:00:00,0.61449957
2011-05-17 13:00:00,0.46436146
2011-05-17 14:00:00,0.6552424
2011-05-17 15:00:00,0.76123476
2011-05-17 21:00:00,0.28500146
2011-05-17 22:00:00,0.60400105
2011-05-17 23:00:00,0.6993728
2011-05-18 00:00:00,0.84972453
2011-05-18 01:00:00,0.30499136
2011-05-18 03:00:00,0.3621229
2011-05-18 09:00:00,0.94213605
2011-05-18 10:00:00,0.94061005
2011-05-19 00:00:00,0.8686158
2011-05-19 01:00:00,0.4939954
2011-05-19 02:00:00,0.2483787
2011-05-19 03:00:00,0.19811392
2011-05-19 05:00:00,0.23638472
2011-05-19 06:00:00,0.35687363
2011-05-19 20:00:00,0.78638244
2011-05-19 21:00:00,0.35223475
2011-05-19 22:00:00,0.24737155
2011-05-19 23:00:00,0.22411609
2011-05-20 00:00:00,0.27776843
2011-05-20 01:00:00,0.36337417
2011-05-20 02:00:00,0.41739276
2011-05-20 03:00:00,0.29650712
2011-05-20 04:00:00,0.28274304
2011-05-20 05:00:00,0.47363925
2011-05-20 06:00:00,0.68011534
2011-05-20 07:00:00,0.7778677
2011-05-20 08:00:00,0.7641341
2011-05-20 19:00:00,0.74750125
2011-05-20 20:00:00,0.31960997
2011-05-20 22:00:00,0.16590115
2011-05-21 01:00:00,0.14737612
2011-05-21 05:00:00,0.13040757
2011-05-21 06:00:00,0.74286234
2011-05-21 08:00:00,0.9537637
2011-05-21 09:00:00,0.9463782
2011-05-21 21:00:00,0.6864938
2011-05-21 23:00:00,0.047365457
2011-05-22 04:00:00,0.2469748
2011-05-22 05:00:00,0.7057513
2011-05-22 06:00:00,0.7457617
2011-05-22 22:00:00,0.87911433
2011-05-22 23:00:00,0.7311431
2011-05-23 00:00:00,0.48526695
2011-05-23 01:00:00,0.64910805
2011-05-23 05:00:00,0.87185085
2011-05-23 06:00:00,0.8354722
2011-05-23 15:00:00,0.73910856
2011-05-23 16:00:00,0.13275754
2011-05-23 21:00:00,0.14563656
2011-05-23 22:00:00,0.19826654
2011-05-24 10:00:00,0.7885188
2011-05-24 13:00:00,0.1648635
2011-05-24 14:00:00,0.12952253
2011-05-24 15:00:00,0.5626173
2011-05-24 21:00:00,0.79849845
2011-05-24 22:00:00,0.13950223
2011-05-24 23:00:00,0.13724384
2011-05-25 00:00:00,0.08475119
2011-05-25 02:00:00,0.049379706
2011-05-25 03:00:00,0.046236247
2011-05-25 05:00:00,0.6885081
2011-05-25 06:00:00,0.71164143
2011-05-25 07:00:00,0.7962401
2011-05-25 08:00:00,0.7590069
2011-05-25 09:00:00,0.77737933
2011-05-25 12:00:00,0.7848565
2011-05-25 13:00:00,0.69336057
2011-05-25 14:00:00,0.73572093
2011-05-25 16:00:00,0.6317428
2011-05-25 18:00:00,0.8125067
2011-05-25 19:00:00,0.8225169
2011-05-26 01:00:00,0.052034855
2011-05-26 02:00:00,0.06463918
2011-05-26 05:00:00,0.72198737
2011-05-26 06:00:00,0.90697813
2011-05-26 08:00:00,0.90099645
2011-05-26 21:00:00,0.78565
2011-05-26 23:00:00,0.49878687
2011-05-27 00:00:00,0.4671387
2011-05-27 01:00:00,0.7795156
2011-05-27 02:00:00,0.7307463
2011-05-27 03:00:00,0.41476813
2011-05-27 04:00:00,0.23574382
2011-05-27 05:00:00,0.2795996
2011-05-27 06:00:00,0.49375123
2011-05-27 07:00:00,0.7963927
2011-05-27 10:00:00,0.80325943
2011-05-27 11:00:00,0.87063
2011-05-27 12:00:00,0.88961285
2011-05-27 14:00:00,0.74109226
2011-05-27 15:00:00,0.10623655
2011-05-27 16:00:00,0.1736072
2011-05-27 17:00:00,0.32275343
2011-05-27 18:00:00,0.2589993
2011-05-27 19:00:00,0.3053576
2011-05-27 20:00:00,0.39377108
2011-05-27 21:00:00,0.48276442
2011-05-27 22:00:00,0.58236307
2011-05-27 23:00:00,0.7082844
2011-05-28 00:00:00,0.6946424
2011-05-28 01:00:00,0.7593731
2011-05-28 02:00:00,0.62750065
2011-05-28 03:00:00,0.45212334
2011-05-28 04:00:00,0.26614073
2011-05-28 05:00:00,0.59887385
2011-05-28 06:00:00,0.513848
2011-05-28 07:00:00,0.76639247
2011-05-28 08:00:00,0.7127402
2011-05-28 09:00:00,0.766484
2011-05-28 13:00:00,0.8611387
2011-05-29 03:00:00,0.6562495
2011-05-29 04:00:00,0.5704912
2011-05-29 05:00:00,0.8658691
2011-05-29 06:00:00,0.89788353
2011-05-29 09:00:00,0.9095112
2011-05-29 10:00:00,0.87624556
2011-05-29 11:00:00,0.74676883
2011-05-29 12:00:00,0.7523538
2011-05-29 13:00:00,0.26849067
2011-05-29 18:00:00,0.3028856
2011-05-29 19:00:00,0.24178657
2011-05-29 20:00:00,0.18624204
2011-05-29 21:00:00,0.4978713
2011-05-29 22:00:00,0.8346177
2011-05-30 01:00:00,0.9190942
2011-05-30 02:00:00,0.8976089
2011-05-31 11:00:00,0.514733
2011-05-31 12:00:00,0.5062488
2011-05-31 13:00:00,0.6446218
2011-05-31 14:00:00,0.6462393
2011-05-31 15:00:00,0.5471442
2011-05-31 16:00:00,0.3883692
2011-05-31 22:00:00,0.5778768
2011-05-31 23:00:00,0.2801184
2011-06-01 00:00:00,0.34002715
2011-06-01 05:00:00,0.32202095
2011-06-01 06:00:00,0.52138615
2011-06-01 07:00:00,0.37664992
2011-06-01 08:00:00,0.23098287
2011-06-01 09:00:00,0.562129
2011-06-01 10:00:00,0.9011185
2011-06-01 20:00:00,0.88097596
2011-06-01 21:00:00,0.7546427
2011-06-01 22:00:00,0.6361375
2011-06-01 23:00:00,0.26788032
2011-06-02 00:00:00,0.18523493
2011-06-02 01:00:00,0.2937604
2011-06-02 02:00:00,0.17263058
2011-06-02 03:00:00,0.11212671
2011-06-02 04:00:00,0.2879923
2011-06-02 07:00:00,0.92910445
2011-06-02 09:00:00,0.7893733
2011-06-02 12:00:00,0.91900265
2011-06-02 14:00:00,0.4832527
2011-06-02 15:00:00,0.2213999
2011-06-02 17:00:00,0.8130255
2011-06-02 18:00:00,0.82514155
2011-06-03 02:00:00,0.767247
2011-06-03 03:00:00,0.66748047
2011-06-03 04:00:00,0.85472965
2011-06-03 06:00:00,0.71286225
2011-06-03 12:00:00,0.6967482
2011-06-03 13:00:00,0.7647445
2011-06-03 14:00:00,0.9062457
2011-06-03 23:00:00,0.7504921
2011-06-04 00:00:00,0.7983764
2011-06-04 01:00:00,0.8894908
2011-06-04 02:00:00,0.893855
2011-06-04 03:00:00,0.88122016
2011-06-04 04:00:00,0.7232387
2011-06-04 05:00:00,0.4901195
2011-06-04 06:00:00,0.2931195
2011-06-04 08:00:00,0.40164497
2011-06-04 09:00:00,0.43677232
2011-06-04 10:00:00,0.39990538
2011-06-04 11:00:00,0.5304808
2011-06-04 12:00:00,0.39038348
2011-06-04 13:00:00,0.34100378
2011-06-04 14:00:00,0.13062122
2011-06-05 08:00:00,0.21587598
2011-06-05 10:00:00,0.93899256
2011-06-05 11:00:00,0.899501
2011-06-05 12:00:00,0.7799124
2011-06-05 13:00:00,0.81778646
2011-06-05 21:00:00,0.29464543
2011-06-05 22:00:00,0.4055209
2011-06-06 01:00:00,0.12463948
2011-06-06 02:00:00,0.23351595
2011-06-06 03:00:00,0.26137978
2011-06-06 04:00:00,0.3996002
2011-06-06 05:00:00,0.86910415
2011-06-07 08:00:00,0.6810004
2011-06-07 09:00:00,0.4362535
2011-06-07 10:00:00,0.5347535
2011-06-07 11:00:00,0.57424504
2011-06-07 13:00:00,0.7573894
2011-06-07 14:00:00,0.7309905
2011-06-08 10:00:00,0.8352281
2011-06-08 12:00:00,0.70910835
2011-06-08 13:00:00,0.4933545
2011-06-08 14:00:00,0.5218745
2011-06-08 17:00:00,0.22576413
2011-06-08 21:00:00,0.030488461
2011-06-08 22:00:00,0.11676559
2011-06-08 23:00:00,0.32623258
2011-06-09 01:00:00,0.8276136
2011-06-09 03:00:00,0.8451467
2011-06-09 06:00:00,0.68072575
2011-06-09 07:00:00,0.93273616
2011-06-10 03:00:00,0.47223535
2011-06-10 05:00:00,0.27325165
2011-06-10 06:00:00,0.31750417
2011-06-10 07:00:00,0.31124777
2011-06-10 08:00:00,0.36023074
2011-06-10 09:00:00,0.53923976
2011-06-10 10:00:00,0.77335083
2011-06-10 11:00:00,0.87749684
2011-06-10 13:00:00,0.8127508
2011-06-10 18:00:00,0.97949123
2011-06-11 22:00:00,0.5835228
2011-06-11 23:00:00,0.09927824
2011-06-12 00:00:00,0.22875497
2011-06-12 01:00:00,0.39615154
2011-06-12 05:00:00,0.7705126
2011-06-12 11:00:00,0.16796118
2011-06-12 13:00:00,0.758366
2011-06-12 14:00:00,0.7136252
2011-06-12 15:00:00,0.3683793
2011-06-12 16:00:00,0.191003
2011-06-12 17:00:00,0.11826104
2011-06-12 22:00:00,0.2021119
2011-06-13 00:00:00,0.3146354
2011-06-13 01:00:00,0.44601956
2011-06-13 02:00:00,0.4581356
2011-06-13 03:00:00,0.25674087
2011-06-13 04:00:00,0.1814811
2011-06-13 05:00:00,0.100987285
2011-06-13 07:00:00,0.273862
2011-06-13 09:00:00,0.62698185
2011-06-13 10:00:00,0.63485575
2011-06-13 13:00:00,0.63775504
2011-06-13 14:00:00,0.53737813
2011-06-13 15:00:00,0.5042345
2011-06-13 17:00:00,0.5662491
2011-06-13 18:00:00,0.49704728
2011-06-14 04:00:00,0.81485665
2011-06-14 05:00:00,0.5976226
2011-06-14 06:00:00,0.74325913
2011-06-14 07:00:00,0.6620176
2011-06-14 08:00:00,0.5308776
2011-06-14 09:00:00,0.35989502
2011-06-14 10:00:00,0.44412738
2011-06-14 11:00:00,0.54613703
2011-06-14 12:00:00,0.47638595
2011-06-14 13:00:00,0.50753057
2011-06-14 14:00:00,0.8646178
2011-06-14 22:00:00,0.5468695
2011-06-14 23:00:00,0.31726003
2011-06-15 00:00:00,0.8204111
2011-06-15 02:00:00,0.7050189
2011-06-15 03:00:00,0.61575085
2011-06-15 04:00:00,0.62249553
2011-06-15 06:00:00,0.76135683
2011-06-15 07:00:00,0.8544855
2011-06-15 08:00:00,0.631224
2011-06-15 09:00:00,0.7233608
2011-06-15 10:00:00,0.7252529
2011-06-15 11:00:00,0.11163843
2011-06-15 21:00:00,0.10239115
2011-06-15 22:00:00,0.24300733
2011-06-15 23:00:00,0.3830284
2011-06-16 00:00:00,0.5341126
2011-06-16 02:00:00,0.43426976
2011-06-16 03:00:00,0.27728015
2011-06-16 04:00:00,0.18926343
2011-06-16 07:00:00,0.11850518
2011-06-16 08:00:00,0.50435656
2011-06-16 09:00:00,0.4729678
2011-06-16 10:00:00,0.19060627
2011-06-16 11:00:00,0.5228511
2011-06-16 12:00:00,0.6843575
2011-06-16 13:00:00,0.839989
2011-06-16 14:00:00,0.69040024
2011-06-16 23:00:00,0.78088903
2011-06-17 10:00:00,0.56911784
2011-06-17 11:00:00,0.74661624
2011-06-17 12:00:00,0.3901088
2011-06-17 13:00:00,0.49649796
2011-06-17 14:00:00,0.75436807
2011-06-17 15:00:00,0.5394839
2011-06-17 16:00:00,0.47650802
2011-06-17 17:00:00,0.40689424
2011-06-17 18:00:00,0.3621534
2011-06-17 19:00:00,0.45804405
2011-06-18 01:00:00,0.7171349
2011-06-18 02:00:00,0.42151284
2011-06-18 03:00:00,0.57485545
2011-06-18 04:00:00,0.56475365
2011-06-18 05:00:00,0.801001
2011-06-18 06:00:00,0.6088536
2011-06-18 07:00:00,0.64361465
2011-06-18 09:00:00,0.58675784
2011-06-18 18:00:00,0.89623547
2011-06-19 05:00:00,0.60238355
2011-06-19 06:00:00,0.6195047
2011-06-19 09:00:00,0.6962599
2011-06-19 10:00:00,0.39450353
2011-06-19 14:00:00,0.6555171
2011-06-19 15:00:00,0.62289226
2011-06-20 04:00:00,0.92263436
2011-06-20 08:00:00,0.8037478
2011-06-20 10:00:00,0.90548277
2011-06-21 03:00:00,0.502617
2011-06-21 04:00:00,0.32812476
2011-06-21 05:00:00,0.42123815
2011-06-21 06:00:00,0.52434653
2011-06-21 07:00:00,0.5821189
2011-06-21 08:00:00,0.71261805
2011-06-21 09:00:00,0.7011429
2011-06-21 11:00:00,0.43323213
2011-06-21 12:00:00,0.1347718
2011-06-21 19:00:00,0.36825722
2011-06-21 22:00:00,0.47061786
2011-06-21 23:00:00,0.77188593
2011-06-22 01:00:00,0.5834923
2011-06-22 03:00:00,0.15637922
2011-06-22 05:00:00,0.20061648
2011-06-22 08:00:00,0.7934934
2011-06-22 10:00:00,0.76376784
2011-06-22 11:00:00,0.7064837
2011-06-22 12:00:00,0.71188563
2011-06-22 13:00:00,0.42850167
2011-06-22 14:00:00,0.13849512
2011-06-22 23:00:00,0.5199823
2011-06-23 00:00:00,0.33724993
2011-06-23 01:00:00,0.2773717
2011-06-23 02:00:00,0.22402453
2011-06-23 03:00:00,0.1670151
2011-06-23 04:00:00,0.104008675
2011-06-23 05:00:00,0.48062807
2011-06-23 06:00:00,0.5579784
2011-06-23 07:00:00,0.6163612
2011-06-23 08:00:00,0.70788765
2011-06-23 10:00:00,0.7791189
2011-06-23 11:00:00,0.7932492
2011-06-23 12:00:00,0.80713534
2011-06-23 13:00:00,0.4301192
2011-06-23 14:00:00,0.19222376
2011-06-23 17:00:00,0.21825644
2011-06-23 18:00:00,0.1402652
2011-06-23 19:00:00,0.06677553
2011-06-23 20:00:00,0.105137885
2011-06-23 21:00:00,0.36078006
2011-06-23 22:00:00,0.57925016
2011-06-24 00:00:00,0.8909862
2011-06-24 03:00:00,0.7662399
2011-06-24 04:00:00,0.62048125
2011-06-24 05:00:00,0.65322816
2011-06-24 06:00:00,0.48575526
2011-06-24 07:00:00,0.3520211
2011-06-24 08:00:00,0.44214365
2011-06-24 10:00:00,0.5190057
2011-06-24 11:00:00,0.49475837
2011-06-24 12:00:00,0.15839347
2011-06-24 15:00:00,0.14975661
2011-06-24 16:00:00,0.16477194
2011-06-24 17:00:00,0.30959976
2011-06-24 18:00:00,0.28787023
2011-06-24 19:00:00,0.32311964
2011-06-24 20:00:00,0.5981414
2011-06-25 02:00:00,0.54473317
2011-06-25 03:00:00,0.51574016
2011-06-25 04:00:00,0.44263196
2011-06-25 05:00:00,0.26937574
2011-06-25 07:00:00,0.23788014
2011-06-25 08:00:00,0.8007569
2011-06-25 09:00:00,0.77524304
2011-06-25 13:00:00,0.4076267
2011-06-26 07:00:00,0.432225
2011-06-26 09:00:00,0.8636107
2011-06-26 13:00:00,0.91060996
2011-06-26 14:00:00,0.69796896
2011-06-26 15:00:00,0.15787467
2011-06-26 23:00:00,0.45065844
2011-06-27 00:00:00,0.03000015
2011-06-27 01:00:00,0.16915143
2011-06-27 02:00:00,0.16138434
2011-06-27 05:00:00,0.6731265
2011-06-27 06:00:00,0.41525644
2011-06-27 07:00:00,0.44101444
2011-06-27 09:00:00,0.7703905
2011-06-27 10:00:00,0.7999023
2011-06-27 16:00:00,0.6521295
2011-06-27 17:00:00,0.4542597
2011-06-27 18:00:00,0.39837945
2011-06-27 19:00:00,0.44000733
2011-06-27 21:00:00,0.55813104
2011-06-27 23:00:00,0.6415089
2011-06-28 02:00:00,0.41574472
2011-06-28 03:00:00,0.06888133
2011-06-28 06:00:00,0.1200006
2011-06-28 07:00:00,0.13938016
2011-06-28 08:00:00,0.27337372
2011-06-29 05:00:00,0.55736804
2011-06-29 06:00:00,0.5031053
2011-06-29 07:00:00,0.59112203
2011-06-29 09:00:00,0.5125052
2011-06-29 11:00:00,0.8804877
2011-06-29 12:00:00,0.8006348
2011-06-29 13:00:00,0.77725726
2011-06-29 15:00:00,0.4655212
2011-06-29 16:00:00,0.692384
2011-06-29 17:00:00,0.73190606
2011-06-29 18:00:00,0.69763327
2011-06-29 19:00:00,0.6481315
2011-06-29 20:00:00,0.48978376
2011-06-29 21:00:00,0.44150275
2011-06-30 07:00:00,0.6082737
2011-06-30 09:00:00,0.8326187
2011-06-30 12:00:00,0.71112263
2011-07-01 05:00:00,0.52083683
2011-07-01 06:00:00,0.33761615
2011-07-01 08:00:00,0.49698624
2011-07-01 09:00:00,0.57009447
2011-07-01 10:00:00,0.77011585
2011-07-01 11:00:00,0.5731158
2011-07-01 12:00:00,0.45886806
2011-07-01 15:00:00,0.5117727
2011-07-01 16:00:00,0.43066853
2011-07-01 17:00:00,0.668274
2011-07-02 07:00:00,0.65725666
2011-07-02 08:00:00,0.54925
2011-07-02 09:00:00,0.56161016
2011-07-02 10:00:00,0.61138666
2011-07-02 11:00:00,0.5991485
2011-07-02 12:00:00,0.7382845
2011-07-02 13:00:00,0.72162116
2011-07-02 15:00:00,0.7218958
2011-07-02 16:00:00,0.7935239
2011-07-02 17:00:00,0.18026033
2011-07-02 18:00:00,0.11636886
2011-07-02 19:00:00,0.6759953
2011-07-03 01:00:00,0.7514077
2011-07-03 02:00:00,0.85900235
2011-07-03 04:00:00,0.61462164
2011-07-03 05:00:00,0.49927518
2011-07-03 06:00:00,0.33514413
2011-07-03 07:00:00,0.49387333
2011-07-03 08:00:00,0.4642699
2011-07-03 09:00:00,0.4295088
2011-07-03 12:00:00,0.72949505
2011-07-03 13:00:00,0.48697603
2011-07-03 14:00:00,0.39212304
2011-07-03 15:00:00,0.2821327
2011-07-03 16:00:00,0.17864281
2011-07-03 17:00:00,0.27163416
2011-07-03 18:00:00,0.6050082
2011-07-03 19:00:00,0.7161583
2011-07-03 23:00:00,0.68988144
2011-07-04 00:00:00,0.6736148
2011-07-04 01:00:00,0.705263
2011-07-04 02:00:00,0.7399936
2011-07-04 03:00:00,0.68148875
2011-07-04 04:00:00,0.50786626
2011-07-04 05:00:00,0.38424915
2011-07-04 06:00:00,0.143134
2011-07-04 08:00:00,0.41849145
2011-07-04 09:00:00,0.5367677
2011-07-04 10:00:00,0.50139624
2011-07-04 11:00:00,0.36975265
2011-07-04 12:00:00,0.3846459
2011-07-04 13:00:00,0.27551004
2011-07-04 15:00:00,0.219111
2011-07-04 17:00:00,0.367128
2011-07-04 18:00:00,0.4317672
2011-07-04 19:00:00,0.46076024
2011-07-04 20:00:00,0.6676331
2011-07-04 21:00:00,0.6845101
2011-07-04 22:00:00,0.5212946
2011-07-04 23:00:00,0.33288574
2011-07-05 00:00:00,0.42477834
2011-07-05 01:00:00,0.43814567
2011-07-05 04:00:00,0.79413426
2011-07-05 06:00:00,0.64099
2011-07-05 09:00:00,0.9091145
2011-07-05 10:00:00,0.67797905
2011-07-05 12:00:00,0.7264737
2011-07-05 13:00:00,0.39435095
2011-07-05 14:00:00,0.19262052
2011-07-05 15:00:00,0.07837272
2011-07-05 16:00:00,0.24410602
2011-07-05 17:00:00,0.6093724
2011-07-05 19:00:00,0.7547648
2011-07-05 20:00:00,0.80939376
2011-07-06 08:00:00,0.51464146
2011-07-06 09:00:00,0.671509
2011-07-06 10:00:00,0.6811225
2011-07-06 11:00:00,0.7231166
2011-07-06 12:00:00,0.51924986
2011-07-06 13:00:00,0.57622874
2011-07-06 19:00:00,0.7204004
2011-07-06 20:00:00,0.64376724
2011-07-06 21:00:00,0.5667679
2011-07-06 22:00:00,0.812232
2011-07-06 23:00:00,0.84685576
2011-07-07 01:00:00,0.77576184
2011-07-07 02:00:00,0.84999925
2011-07-07 07:00:00,0.6199014
2011-07-07 08:00:00,0.5515084
2011-07-07 10:00:00,0.28149176
2011-07-07 11:00:00,0.5198907
2011-07-07 12:00:00,0.5328918
2011-07-07 23:00:00,0.70712465
2011-07-08 05:00:00,0.77939355
2011-07-08 06:00:00,0.55373627
2011-07-08 07:00:00,0.621641
2011-07-08 08:00:00,0.52938217
2011-07-08 09:00:00,0.5453741
2011-07-08 10:00:00,0.6641234
2011-07-08 11:00:00,0.6309798
2011-07-08 12:00:00,0.42761663
2011-07-08 13:00:00,0.5721087
2011-07-08 15:00:00,0.34338427
2011-07-08 16:00:00,0.5123831
2011-07-08 17:00:00,0.8003906
2011-07-08 19:00:00,0.5128714
2011-07-08 20:00:00,0.44177744
2011-07-08 21:00:00,0.46814582
2011-07-08 22:00:00,0.62200725
2011-07-09 01:00:00,0.491798
2011-07-09 02:00:00,0.5681412
2011-07-09 03:00:00,0.7587627
2011-07-09 04:00:00,0.8583614
2011-07-09 06:00:00,0.63848746
2011-07-09 08:00:00,0.7658737
2011-07-09 10:00:00,0.88112855
2011-07-09 11:00:00,0.77649426
2011-07-09 14:00:00,0.87899226
2011-07-10 05:00:00,0.6614988
2011-07-10 07:00:00,0.54622865
2011-07-10 08:00:00,0.5751301
2011-07-10 13:00:00,0.8664795
2011-07-10 14:00:00,0.6052523
2011-07-10 16:00:00,0.89275634
2011-07-10 17:00:00,0.75009537
2011-07-10 18:00:00,0.873743
2011-07-11 01:00:00,0.52312577
2011-07-11 02:00:00,0.5877649
2011-07-11 03:00:00,0.550898
2011-07-11 04:00:00,0.4261517
2011-07-11 05:00:00,0.5556285
2011-07-11 06:00:00,0.734256
2011-07-11 09:00:00,0.5457403
2011-07-11 11:00:00,0.40576503
2011-07-11 12:00:00,0.76401204
2011-07-11 17:00:00,0.53148794
2011-07-12 04:00:00,0.8788702
2011-07-12 05:00:00,0.72787756
2011-07-12 06:00:00,0.73041064
2011-07-12 07:00:00,0.69412357
2011-07-12 08:00:00,0.48789158
2011-07-12 09:00:00,0.42490044
2011-07-12 10:00:00,0.8332596
2011-07-12 12:00:00,0.44910198
2011-07-12 13:00:00,0.29687333
2011-07-12 14:00:00,0.38000703
2011-07-12 15:00:00,0.4373827
2011-07-12 16:00:00,0.674744
2011-07-12 18:00:00,0.82950574
2011-07-12 19:00:00,0.8552485
2011-07-12 21:00:00,0.85936856
2011-07-13 01:00:00,0.59536415
2011-07-13 03:00:00,0.691621
2011-07-13 04:00:00,0.7684983
2011-07-13 05:00:00,0.8917187
2011-07-13 07:00:00,0.8293837
2011-07-13 08:00:00,0.934842
2011-07-13 09:00:00,0.9079853
2011-07-13 10:00:00,0.7325164
2011-07-13 11:00:00,0.67776537
2011-07-13 23:00:00,0.18703553
2011-07-14 00:00:00,0.38165504
2011-07-14 02:00:00,0.5289854
2011-07-14 03:00:00,0.21288511
2011-07-14 04:00:00,0.1499092
2011-07-14 05:00:00,0.13263547
2011-07-14 06:00:00,0.2236278
2011-07-14 07:00:00,0.6450796
2011-07-14 08:00:00,0.51796806
2011-07-14 09:00:00,0.6883555
2011-07-14 10:00:00,0.4266095
2011-07-14 11:00:00,0.75058365
2011-07-14 12:00:00,0.5088429
2011-07-14 18:00:00,0.17675066
2011-07-14 19:00:00,0.7508888
2011-07-15 01:00:00,0.84410906
2011-07-15 02:00:00,0.59188503
2011-07-15 03:00:00,0.4666504
2011-07-15 04:00:00,0.41589734
2011-07-16 04:00:00,0.7851617
2011-07-16 06:00:00,0.5758625
2011-07-16 07:00:00,0.6912243
2011-07-16 09:00:00,0.48151314
2011-07-16 10:00:00,0.6637572
2011-07-16 11:00:00,0.5209894
2011-07-16 12:00:00,0.5368593
2011-07-16 13:00:00,0.46588743
2011-07-16 17:00:00,0.8863778
2011-07-16 18:00:00,0.9085041
2011-07-16 19:00:00,0.7167686
2011-07-16 20:00:00,0.36587673
2011-07-16 21:00:00,0.4132422
2011-07-16 22:00:00,0.4211466
2011-07-16 23:00:00,0.61651385
2011-07-17 02:00:00,0.7406345
2011-07-17 03:00:00,0.45487007
2011-07-17 04:00:00,0.38910168
2011-07-17 06:00:00,0.7358735
2011-07-17 08:00:00,0.75726736
2011-07-17 09:00:00,0.6861276
2011-07-17 12:00:00,0.85988736
2011-07-17 17:00:00,0.85787314
2011-07-18 02:00:00,0.5578563
2011-07-18 04:00:00,0.6282636
2011-07-18 05:00:00,0.44626373
2011-07-18 06:00:00,0.38901013
2011-07-18 07:00:00,0.59038955
2011-07-18 08:00:00,0.4383898
2011-07-18 12:00:00,0.08838296
2011-07-18 13:00:00,0.19835809
2011-07-18 14:00:00,0.29788047
2011-07-18 16:00:00,0.7120077
2011-07-18 17:00:00,0.62362474
2011-07-18 18:00:00,0.36251965
2011-07-18 19:00:00,0.44724032
2011-07-18 20:00:00,0.29977262
2011-07-18 21:00:00,0.3717669
2011-07-18 22:00:00,0.4756535
2011-07-18 23:00:00,0.6520074
2011-07-19 00:00:00,0.62524223
2011-07-19 02:00:00,0.7552531
2011-07-19 05:00:00,0.51189476
2011-07-19 06:00:00,0.35977292
2011-07-19 07:00:00,0.7556498
2011-07-19 08:00:00,0.7567485
2011-07-19 09:00:00,0.72564965
2011-07-19 12:00:00,0.856866
2011-07-19 19:00:00,0.82465327
2011-07-20 02:00:00,0.7168907
2011-07-20 04:00:00,0.7101155
2011-07-20 05:00:00,0.65063405
2011-07-20 06:00:00,0.46011934
2011-07-20 07:00:00,0.7826286
2011-07-20 08:00:00,0.75778615
2011-07-21 02:00:00,0.69848776
2011-07-21 04:00:00,0.5220271
2011-07-21 08:00:00,0.68508995
2011-07-21 09:00:00,0.8297499
2011-07-21 12:00:00,0.7911434
2011-07-21 13:00:00,0.7042559
2011-07-21 19:00:00,0.7920284
2011-07-21 20:00:00,0.6477653
2011-07-21 21:00:00,0.583004
2011-07-21 22:00:00,0.5670426
2011-07-21 23:00:00,0.5870325
2011-07-22 01:00:00,0.5250179
2011-07-22 02:00:00,0.5637465
2011-07-22 03:00:00,0.25173575
2011-07-22 04:00:00,0.15064165
2011-07-22 05:00:00,0.06311324
2011-07-22 06:00:00,0.3167717
2011-07-22 07:00:00,0.46475822
2011-07-22 08:00:00,0.7026384
2011-07-22 09:00:00,0.57848716
2011-07-22 11:00:00,0.11099753
2011-07-22 13:00:00,0.25475717
2011-07-22 15:00:00,0.8168709
2011-07-22 17:00:00,0.89312255
2011-07-22 22:00:00,0.81726766
2011-07-22 23:00:00,0.5136038
2011-07-23 00:00:00,0.30374008
2011-07-23 02:00:00,0.29797202
2011-07-23 03:00:00,0.22222391
2011-07-23 04:00:00,0.35849112
2011-07-23 07:00:00,0.55703235
2011-07-24 05:00:00,0.71576154
2011-07-24 07:00:00,0.83675396
2011-07-26 05:00:00,0.7777151
2011-07-26 07:00:00,0.43051592
2011-07-26 10:00:00,0.7837578
2011-07-26 12:00:00,0.81650466
2011-07-26 13:00:00,0.88588953
2011-07-26 14:00:00,0.83535016
2011-07-26 18:00:00,0.95586956
2011-07-26 21:00:00,0.8190072
2011-07-26 22:00:00,0.78861034
2011-07-26 23:00:00,0.65499824
2011-07-27 00:00:00,0.72861004
2011-07-27 03:00:00,0.46173683
2011-07-27 04:00:00,0.5352418
2011-07-27 06:00:00,0.6726382
2011-07-27 09:00:00,0.6931164
2011-07-27 10:00:00,0.5104909
2011-07-27 11:00:00,0.6338486
2011-07-27 15:00:00,0.9611188
2011-07-27 20:00:00,0.92998946
2011-07-28 02:00:00,0.38098362
2011-07-28 04:00:00,0.40951887
2011-07-28 05:00:00,0.81949556
2011-07-28 11:00:00,0.87935853
2011-07-28 13:00:00,0.70663637
2011-07-28 14:00:00,0.7682847
2011-07-28 16:00:00,0.7601056
2011-07-28 19:00:00,0.5226069
2011-07-28 20:00:00,0.42450368
2011-07-28 21:00:00,0.3302611
2011-07-28 22:00:00,0.1866388
2011-07-28 23:00:00,0.20925334
2011-07-29 00:00:00,0.27676132
2011-07-29 01:00:00,0.073123455
2011-07-29 04:00:00,0.08163825
2011-07-29 05:00:00,0.34738225
2011-07-29 06:00:00,0.42789128
2011-07-29 07:00:00,0.69101065
2011-07-29 15:00:00,0.9279752
2011-07-29 16:00:00,0.34564266
2011-07-29 17:00:00,0.5812949
2011-07-29 18:00:00,0.9278836
2011-07-29 21:00:00,0.74826425
2011-07-30 06:00:00,0.52050114
2011-07-30 07:00:00,0.2511254
2011-07-30 09:00:00,0.46689454
2011-07-30 10:00:00,0.5324951
2011-07-30 12:00:00,0.81873256
2011-07-30 13:00:00,0.8054873
2011-07-30 18:00:00,0.9363679
2011-07-30 19:00:00,0.105015785
2011-07-30 21:00:00,0.15500587
2011-07-30 22:00:00,0.5978667
2011-07-31 03:00:00,0.15351045
2011-07-31 06:00:00,0.3616346
2011-07-31 07:00:00,0.60363483
2011-07-31 08:00:00,0.6268903
2011-07-31 09:00:00,0.7237575
2011-07-31 10:00:00,0.74637204
2011-07-31 11:00:00,0.919613
2011-07-31 15:00:00,0.9164696
2011-07-31 16:00:00,0.81388
2011-07-31 17:00:00,0.43375093
2011-07-31 19:00:00,0.68289256
2011-08-01 04:00:00,0.6806342
2011-08-01 05:00:00,0.56786656
2011-08-01 06:00:00,0.37249935
2011-08-01 07:00:00,0.37262142
2011-08-02 03:00:00,0.8272474
2011-08-02 04:00:00,0.5583752
2011-08-02 07:00:00,0.63589334
2011-08-02 08:00:00,0.54900587
2011-08-02 09:00:00,0.4457449
2011-08-02 11:00:00,0.47574505
2011-08-02 12:00:00,0.4721438
2011-08-02 13:00:00,0.6904918
2011-08-03 02:00:00,0.709261
2011-08-03 03:00:00,0.6026277
2011-08-03 04:00:00,0.49362916
2011-08-03 05:00:00,0.82312727
2011-08-03 08:00:00,0.37713823
2011-08-03 09:00:00,0.48551112
2011-08-03 10:00:00,0.63976926
2011-08-03 12:00:00,0.6622312
2011-08-03 21:00:00,0.06573787
2011-08-03 23:00:00,0.56490624
2011-08-04 04:00:00,0.28161383
2011-08-04 06:00:00,0.0252392
2011-08-04 10:00:00,0.13788474
2011-08-04 11:00:00,0.12039736
2011-08-05 04:00:00,0.1521371
2011-08-05 05:00:00,0.15952268
2011-08-05 06:00:00,0.7273893
2011-08-05 07:00:00,0.939603
2011-08-05 09:00:00,0.6597592
2011-08-05 10:00:00,0.72000366
2011-08-05 12:00:00,0.78949535
2011-08-05 13:00:00,0.6378771
2011-08-05 15:00:00,0.21575388
2011-08-05 17:00:00,0.05575818
2011-08-05 18:00:00,0.06048861
2011-08-05 20:00:00,0.049990088
2011-08-06 00:00:00,0.11838311
2011-08-06 01:00:00,0.0347611
2011-08-06 04:00:00,0.15927854
2011-08-06 05:00:00,0.7147544
2011-08-06 06:00:00,0.8827461
2011-08-06 07:00:00,0.81925136
2011-08-06 09:00:00,0.8671204
2011-08-06 10:00:00,0.6753544
2011-08-06 11:00:00,0.60497767
2011-08-07 04:00:00,0.18462455
2011-08-07 05:00:00,0.6103795
2011-08-07 09:00:00,0.68588346
2011-08-07 10:00:00,0.615232
2011-08-07 13:00:00,0.7383761
2011-08-07 21:00:00,0.7030351
2011-08-07 22:00:00,0.39663985
2011-08-07 23:00:00,0.18999588
2011-08-08 00:00:00,0.26412648
2011-08-08 03:00:00,0.47101462
2011-08-08 21:00:00,0.8230357
2011-08-08 23:00:00,0.8072574
2011-08-09 01:00:00,0.8241344
2011-08-09 02:00:00,0.5986297
2011-08-09 03:00:00,0.6908885
2011-08-09 05:00:00,0.5291685
2011-08-09 06:00:00,0.24712741
2011-08-09 07:00:00,0.36300796
2011-08-09 09:00:00,0.6575008
2011-08-09 10:00:00,0.72223157
2011-08-09 11:00:00,0.62637144
2011-08-09 12:00:00,0.8679749
2011-08-09 13:00:00,0.6293623
2011-08-09 17:00:00,0.06201455
2011-08-09 18:00:00,0.17501107
2011-08-09 19:00:00,0.19490942
2011-08-09 20:00:00,0.2657745
2011-08-09 21:00:00,0.39328277
2011-08-09 22:00:00,0.6697694
2011-08-09 23:00:00,0.7308989
2011-08-10 00:00:00,0.77484626
2011-08-10 01:00:00,0.52474326
2011-08-10 03:00:00,0.14188272
2011-08-10 04:00:00,0.37310973
2011-08-10 05:00:00,0.53536385
2011-08-10 07:00:00,0.41638565
2011-08-10 10:00:00,0.24624234
2011-08-10 12:00:00,0.6844796
2011-08-10 13:00:00,0.36923382
2011-08-10 14:00:00,0.25063708
2011-08-10 16:00:00,0.7200952
2011-08-10 17:00:00,0.45001754
2011-08-10 18:00:00,0.524255
2011-08-10 19:00:00,0.5531259
2011-08-10 20:00:00,0.09787434
2011-08-12 05:00:00,0.7426182
2011-08-12 08:00:00,0.60949445
2011-08-12 09:00:00,0.63061357
2011-08-12 12:00:00,0.528375
2011-08-12 13:00:00,0.5148551
2011-08-12 14:00:00,0.5248348
2011-08-12 15:00:00,0.6932385
2011-08-12 17:00:00,0.92849404
2011-08-12 18:00:00,0.86376333
2011-08-12 19:00:00,0.8173897
2011-08-12 21:00:00,0.26263106
2011-08-12 22:00:00,0.35412693
2011-08-14 08:00:00,0.7520181
2011-08-14 11:00:00,0.7473792
2011-08-14 17:00:00,0.9038652
2011-08-15 05:00:00,0.9422276
2011-08-15 06:00:00,0.8449941
2011-08-15 07:00:00,0.52163035
2011-08-15 08:00:00,0.37362856
2011-08-15 09:00:00,0.729373
2011-08-15 11:00:00,0.6583859
2011-08-16 10:00:00,0.2667511
2011-08-16 11:00:00,0.66275007
2011-08-17 06:00:00,0.89162713
2011-08-17 10:00:00,0.64089847
2011-08-17 11:00:00,0.6846322
2011-08-17 22:00:00,0.96374345
2011-08-18 06:00:00,0.3963652
2011-08-18 07:00:00,0.3699968
2011-08-18 08:00:00,0.3463751
2011-08-18 18:00:00,0.82788825
2011-08-18 19:00:00,0.599881
2011-08-18 20:00:00,0.4060397
2011-08-18 21:00:00,0.41952908
2011-08-18 22:00:00,0.44427997
2011-08-19 00:00:00,0.559657
2011-08-19 02:00:00,0.63622904
2011-08-19 03:00:00,0.52675754
2011-08-19 04:00:00,0.25887722
2011-08-19 06:00:00,0.60513026
2011-08-19 07:00:00,0.5517831
2011-08-19 08:00:00,0.51827323
2011-08-19 09:00:00,0.39999694
2011-08-19 10:00:00,0.7611432
2011-08-19 13:00:00,0.58587277
2011-08-19 14:00:00,0.58749026
2011-08-19 15:00:00,0.67910826
2011-08-19 16:00:00,0.8337326
2011-08-19 17:00:00,0.91161704
2011-08-19 20:00:00,0.6072055
2011-08-19 21:00:00,0.32336378
2011-08-19 22:00:00,0.6840218
2011-08-20 00:00:00,0.8136359
2011-08-20 02:00:00,0.6727603
2011-08-20 03:00:00,0.64163095
2011-08-20 06:00:00,0.13162833
2011-08-20 07:00:00,0.11975646
2011-08-20 08:00:00,0.53112173
2011-08-20 10:00:00,0.45377138
2011-08-20 11:00:00,0.44049564
2011-08-20 12:00:00,0.41724017
2011-08-20 13:00:00,0.18410572
2011-08-20 18:00:00,0.09686723
2011-08-20 19:00:00,0.14475149
2011-08-20 20:00:00,0.56652373
2011-08-20 21:00:00,0.8015199
2011-08-21 02:00:00,0.7271451
2011-08-21 03:00:00,0.52361405
2011-08-21 04:00:00,0.16774756
2011-08-21 06:00:00,0.43661973
2011-08-21 07:00:00,0.44376117
2011-08-21 09:00:00,0.5435124
2011-08-21 10:00:00,0.5187615
2011-08-21 11:00:00,0.42413747
2011-08-21 12:00:00,0.13574842
2011-08-21 16:00:00,0.16638947
2011-08-21 17:00:00,0.23275298
2011-08-21 18:00:00,0.105900854
2011-08-22 06:00:00,0.52697116
2011-08-22 07:00:00,0.7141135
2011-08-22 14:00:00,0.44498193
2011-08-22 15:00:00,0.17311889
2011-08-22 16:00:00,0.27435035
2011-08-23 05:00:00,0.13638932
2011-08-23 07:00:00,0.11261502
2011-08-23 09:00:00,0.038881183
2011-08-23 10:00:00,0.08151618
2011-08-25 05:00:00,0.049898535
2011-08-25 08:00:00,0.6468802
2011-08-25 10:00:00,0.5178765
2011-08-25 11:00:00,0.7873895
2011-08-25 12:00:00,0.67688036
2011-08-25 13:00:00,0.7001053
2011-08-25 14:00:00,0.2953779
2011-08-25 15:00:00,0.20113531
2011-08-25 17:00:00,0.9126242
2011-08-25 20:00:00,0.47397494
2011-08-25 21:00:00,0.18959913
2011-08-26 01:00:00,0.20687288
2011-08-26 02:00:00,0.59261745
2011-08-26 22:00:00,0.8867441
2011-08-27 11:00:00,0.9343537
2011-08-27 12:00:00,0.94537103
2011-08-28 05:00:00,0.804999
2011-08-28 06:00:00,0.39001724
2011-08-28 08:00:00,0.38614133
2011-08-28 09:00:00,0.31442174
2011-08-28 10:00:00,0.42337447
2011-08-28 11:00:00,0.49863428
2011-08-28 12:00:00,0.6030244
2011-08-29 05:00:00,0.5068591
2011-08-29 06:00:00,0.5931058
2011-08-29 08:00:00,0.4788885
2011-08-29 09:00:00,0.5383547
2011-08-29 11:00:00,0.32699555
2011-08-29 12:00:00,0.58910775
2011-08-29 13:00:00,0.6611326
2011-08-29 14:00:00,0.91747665
2011-08-29 15:00:00,0.91213584
2011-08-30 01:00:00,0.86870736
2011-08-30 03:00:00,0.43484962
2011-08-30 04:00:00,0.42810494
2011-08-30 05:00:00,0.27050495
2011-08-30 07:00:00,0.22811407
2011-08-30 08:00:00,0.451513
2011-08-30 21:00:00,0.6417225
2011-08-30 22:00:00,0.33599865
2011-08-30 23:00:00,0.628111
2011-08-31 00:00:00,0.7158836
2011-08-31 01:00:00,0.8596127
2011-08-31 04:00:00,0.646636
2011-08-31 05:00:00,0.17574352
2011-08-31 06:00:00,0.33587658
2011-08-31 07:00:00,0.6332382
2011-08-31 08:00:00,0.5846215
2011-09-01 05:00:00,0.4867624
2011-09-01 06:00:00,0.41901028
2011-09-01 07:00:00,0.36688387
2011-09-01 08:00:00,0.55239344
2011-09-01 09:00:00,0.6367479
2011-09-02 03:00:00,0.7532388
2011-09-02 05:00:00,0.3979827
2011-09-02 06:00:00,0.40936628
2011-09-02 07:00:00,0.5446416
2011-09-02 08:00:00,0.6508782
2011-09-02 11:00:00,0.864099
2011-09-02 19:00:00,0.78351367
2011-09-03 03:00:00,0.541132
2011-09-03 04:00:00,0.55187464
2011-09-03 05:00:00,0.5740009
2011-09-03 06:00:00,0.63149863
2011-09-03 08:00:00,0.61623913
2011-09-03 09:00:00,0.78574157
2011-09-04 06:00:00,0.6169716
2011-09-04 07:00:00,0.56750035
2011-09-04 08:00:00,0.6547541
2011-09-04 09:00:00,0.7602277
2011-09-04 11:00:00,0.8290174
2011-09-04 12:00:00,0.86635745
2011-09-04 18:00:00,0.88411945
2011-09-04 23:00:00,0.8277662
2011-09-05 04:00:00,0.3946256
2011-09-05 05:00:00,0.40375078
2011-09-05 06:00:00,0.56588286
2011-09-05 10:00:00,0.2672394
2011-09-05 11:00:00,0.5673783
2011-09-05 13:00:00,0.55462134
2011-09-05 14:00:00,0.62301433
2011-09-05 17:00:00,0.391238
2011-09-05 20:00:00,0.23958921
2011-09-05 21:00:00,0.4428761
2011-09-05 22:00:00,0.61923003
2011-09-06 01:00:00,0.2659881
2011-09-06 02:00:00,0.31237698
2011-09-06 04:00:00,0.073764354
2011-09-06 12:00:00,0.023133397
2011-09-07 05:00:00,0.07352021
2011-09-07 06:00:00,0.860101
2011-09-07 11:00:00,0.58089817
2011-09-08 07:00:00,0.45871547
2011-09-08 08:00:00,0.7715807
2011-09-08 09:00:00,0.9264798
2011-09-08 10:00:00,0.7754872
2011-09-08 11:00:00,0.693208
2011-09-08 17:00:00,0.1437749
2011-09-08 19:00:00,0.17614028
2011-09-08 20:00:00,0.5413761
2011-09-08 22:00:00,0.3728961
2011-09-08 23:00:00,0.30450308
2011-09-09 00:00:00,0.33615124
2011-09-09 01:00:00,0.58138645
2011-09-09 04:00:00,0.49100453
2011-09-09 05:00:00,0.33877587
2011-09-09 06:00:00,0.4698854
2011-09-09 08:00:00,0.4200174
2011-09-09 10:00:00,0.6356492
2011-09-10 01:00:00,0.8111333
2011-09-10 02:00:00,0.5924954
2011-09-10 06:00:00,0.72363544
2011-09-10 07:00:00,0.7842461
2011-09-10 09:00:00,0.86022305
2011-09-10 12:00:00,0.48413777
2011-09-10 13:00:00,0.45624343
2011-09-10 14:00:00,0.443517
2011-09-10 16:00:00,0.80301523
2011-09-10 19:00:00,0.7751515
2011-09-11 05:00:00,0.48285598
2011-09-11 06:00:00,0.7722216
2011-09-11 07:00:00,0.58050144
2011-09-11 10:00:00,0.74011564
2011-09-11 11:00:00,0.8026185
2011-09-11 12:00:00,0.85884976
2011-09-12 02:00:00,0.8393786
2011-09-12 03:00:00,0.8120184
2011-09-12 06:00:00,0.6203897
2011-09-12 10:00:00,0.5167473
2011-09-13 06:00:00,0.045259655
2011-09-13 07:00:00,0.22948745
2011-09-13 09:00:00,0.6783758
2011-09-13 10:00:00,0.18187782
2011-09-13 11:00:00,0.2986434
2011-09-14 01:00:00,0.24676117
2011-09-14 03:00:00,0.21090138
2011-09-14 04:00:00,0.1655044
2011-09-14 05:00:00,0.23336333
2011-09-14 06:00:00,0.32574427
2011-09-14 07:00:00,0.6000946
2011-09-14 08:00:00,0.6947645
2011-09-14 09:00:00,0.8638549
2011-09-14 10:00:00,0.7926388
2011-09-14 13:00:00,0.8618711
2011-09-14 14:00:00,0.87322414
2011-09-14 15:00:00,0.8196176
2011-09-14 16:00:00,0.5633498
2011-09-14 17:00:00,0.38598874
2011-09-14 19:00:00,0.6243572
2011-09-14 20:00:00,0.80164194
2011-09-15 05:00:00,0.2535059
2011-09-15 07:00:00,0.4546259
2011-09-15 08:00:00,0.6171242
2011-09-15 09:00:00,0.56875163
2011-09-15 12:00:00,0.7982848
2011-09-15 18:00:00,0.72140753
2011-09-16 06:00:00,0.8051516
2011-09-16 09:00:00,0.73514104
2011-09-16 11:00:00,0.5566356
2011-09-16 13:00:00,0.6426381
2011-09-16 14:00:00,0.35525614
2011-09-16 15:00:00,0.49402592
2011-09-16 16:00:00,0.31530678
2011-09-16 18:00:00,0.7609906
2011-09-16 19:00:00,0.5850182
2011-09-17 03:00:00,0.8959913
2011-09-17 04:00:00,0.6383654
2011-09-17 06:00:00,0.6099827
2011-09-17 08:00:00,0.32998642
2011-09-17 10:00:00,0.28948772
2011-09-17 11:00:00,0.32748386
2011-09-17 13:00:00,0.21373963
2011-09-17 22:00:00,0.09375429
2011-09-17 23:00:00,0.5576122
2011-09-18 02:00:00,0.6576229
2011-09-18 06:00:00,0.4193765
2011-09-18 07:00:00,0.4390002
2011-09-18 08:00:00,0.40262157
2011-09-18 09:00:00,0.50322735
2011-09-18 10:00:00,0.5852319
2011-09-18 13:00:00,0.56402117
2011-09-18 14:00:00,0.3571483
2011-09-18 18:00:00,0.37637526
2011-09-18 19:00:00,0.27276334
2011-09-18 20:00:00,0.12149605
2011-09-18 22:00:00,0.14813912
2011-09-18 23:00:00,0.2228648
2011-09-19 00:00:00,0.43826774
2011-09-19 05:00:00,0.2646758
2011-09-19 07:00:00,0.14264569
2011-09-19 11:00:00,0.624113
2011-09-19 12:00:00,0.33410648
2011-09-19 13:00:00,0.14353073
2011-09-19 14:00:00,0.23812431
2011-09-19 15:00:00,0.20876506
2011-09-19 17:00:00,0.1713793
2011-09-20 08:00:00,0.75665694
2011-09-20 11:00:00,0.67010516
2011-09-20 13:00:00,0.49936673
2011-09-20 14:00:00,0.48090276
2011-09-20 15:00:00,0.569362
2011-09-20 16:00:00,0.34588683
2011-09-20 17:00:00,0.3379824
2011-09-20 18:00:00,0.48303908
2011-09-20 19:00:00,0.48490074
2011-09-20 20:00:00,0.53276974
2011-09-21 06:00:00,0.3362428
2011-09-21 09:00:00,0.628874
2011-09-21 10:00:00,0.7806449
2011-09-21 11:00:00,0.783239
2011-09-21 12:00:00,0.633635
2011-09-21 14:00:00,0.48425984
2011-09-21 15:00:00,0.30062717
2011-09-21 16:00:00,0.10999039
2011-09-22 06:00:00,0.09100759
2011-09-22 07:00:00,0.14838326
2011-09-22 08:00:00,0.53850734
2011-09-22 09:00:00,0.8999893
2011-09-22 10:00:00,0.73688066
2011-09-22 11:00:00,0.66787726
2011-09-22 13:00:00,0.75574136
2011-09-22 18:00:00,0.29998627
2011-09-22 19:00:00,0.2936078
2011-09-22 23:00:00,0.13077381
2011-09-23 03:00:00,0.5481208
2011-09-23 05:00:00,0.19988403
2011-09-23 06:00:00,0.22213235
2011-09-23 09:00:00,0.79688096
2011-09-23 10:00:00,0.85588944
2011-09-23 11:00:00,0.6716311
2011-09-23 12:00:00,0.5021287
2011-09-23 13:00:00,0.5520272
2011-09-23 14:00:00,0.56524193
2011-09-23 15:00:00,0.42648742
2011-09-23 17:00:00,0.27410617
2011-09-23 18:00:00,0.1283628
2011-09-23 21:00:00,0.13538218
2011-09-24 03:00:00,0.21789023
2011-09-24 06:00:00,0.24523523
2011-09-24 12:00:00,0.6517327
2011-09-24 13:00:00,0.54049104
2011-09-24 17:00:00,0.47162497
2011-09-24 18:00:00,0.4221232
2011-09-24 19:00:00,0.27523538
2011-09-24 20:00:00,0.29223445
2011-09-24 21:00:00,0.44324234
2011-09-24 22:00:00,0.6507561
2011-09-25 03:00:00,0.45990568
2011-09-25 04:00:00,0.08664337
2011-09-25 05:00:00,0.1465216
2011-09-25 06:00:00,0.47202173
2011-09-25 08:00:00,0.8763676
2011-09-25 10:00:00,0.7272366
2011-09-25 14:00:00,0.659515
2011-09-25 15:00:00,0.52410233
2011-09-25 17:00:00,0.31262112
2011-09-25 18:00:00,0.19201013
2011-09-25 19:00:00,0.27373993
2011-09-25 20:00:00,0.1697618
2011-09-25 22:00:00,0.07999024
2011-09-26 05:00:00,0.17876491
2011-09-26 06:00:00,0.54323775
2011-09-26 10:00:00,0.90261394
2011-09-26 14:00:00,0.6352525
2011-09-26 15:00:00,0.65887415
2011-09-26 16:00:00,0.6009797
2011-09-26 17:00:00,0.68936265
2011-09-26 19:00:00,0.6625059
2011-09-26 20:00:00,0.7461584
2011-09-26 21:00:00,0.69500864
2011-09-27 00:00:00,0.6681214
2011-09-27 01:00:00,0.5027696
2011-09-27 02:00:00,0.75827444
2011-09-27 06:00:00,0.7721301
2011-09-27 07:00:00,0.69775534
2011-09-27 09:00:00,0.8378527
2011-09-28 04:00:00,0.9358796
2011-09-28 09:00:00,0.68139714
2011-09-28 12:00:00,0.7441137
2011-09-28 13:00:00,0.20226452
2011-09-28 14:00:00,0.28713778
2011-09-28 21:00:00,0.13324586
2011-09-28 22:00:00,0.14325607
2011-09-29 00:00:00,0.4422352
2011-09-29 03:00:00,0.59612715
2011-09-29 04:00:00,0.6756291
2011-09-29 05:00:00,0.7820182
2011-09-29 08:00:00,0.86223733
2011-09-29 10:00:00,0.7781118
2011-09-29 11:00:00,0.48535854
2011-09-29 13:00:00,0.5635024
2011-09-29 15:00:00,0.31988466
2011-09-29 16:00:00,0.24785987
2011-09-29 19:00:00,0.24099308
2011-09-29 23:00:00,0.70990187
2011-09-30 00:00:00,0.55025715
2011-09-30 01:00:00,0.6360154
2011-09-30 02:00:00,0.5796469
2011-09-30 03:00:00,0.65814173
2011-09-30 05:00:00,0.5787618
2011-09-30 07:00:00,0.7720385
2011-09-30 08:00:00,0.5547434
2011-09-30 09:00:00,0.4956434
2011-09-30 10:00:00,0.5003891
2011-09-30 13:00:00,0.11325592
2011-09-30 14:00:00,0.27547953
2011-09-30 15:00:00,0.21959928
2011-09-30 16:00:00,0.36575466
2011-09-30 19:00:00,0.85311216
2011-09-30 20:00:00,0.70089877
2011-09-30 21:00:00,0.75351346
2011-10-01 10:00:00,0.60601526
2011-10-01 11:00:00,0.6818855
2011-10-01 23:00:00,0.72403216
2011-10-02 00:00:00,0.8485954
2011-10-02 05:00:00,0.67501867
2011-10-02 06:00:00,0.6206339
2011-10-02 07:00:00,0.49951932
2011-10-02 08:00:00,0.43362886
2011-10-02 09:00:00,0.46677247
2011-10-02 10:00:00,0.1956419
2011-10-02 12:00:00,0.09189263
2011-10-02 13:00:00,0.13089588
2011-10-02 15:00:00,0.13001084
2011-10-03 22:00:00,0.051516026
2011-10-03 23:00:00,0.16278821
2011-10-04 01:00:00,0.70547664
2011-10-04 03:00:00,0.63412327
2011-10-04 04:00:00,0.43936643
2011-10-04 05:00:00,0.43576518
2011-10-04 06:00:00,0.44476828
2011-10-04 09:00:00,0.3636183
2011-10-04 11:00:00,0.43588728
2011-10-04 12:00:00,0.44559228
2011-10-04 15:00:00,0.31072897
2011-10-04 16:00:00,0.34710756
2011-10-05 11:00:00,0.0600003
2011-10-05 16:00:00,0.17723894
2011-10-05 18:00:00,0.3452459
2011-10-05 20:00:00,0.26275313
2011-10-05 22:00:00,0.49213374
2011-10-06 07:00:00,0.28548974
2011-10-06 08:00:00,0.8485038
2011-10-06 09:00:00,0.7296171
2011-10-06 10:00:00,0.78384936
2011-10-06 11:00:00,0.7442663
2011-10-06 16:00:00,0.83950067
2011-10-06 18:00:00,0.78787786
2011-10-06 20:00:00,0.8494804
2011-10-06 22:00:00,0.90050817
2011-10-07 03:00:00,0.32473716
2011-10-07 05:00:00,0.6092198
2011-10-07 16:00:00,0.8526239
2011-10-07 22:00:00,0.83586895
2011-10-08 00:00:00,0.6073581
2011-10-08 01:00:00,0.548487
2011-10-08 02:00:00,0.6148658
2011-10-08 03:00:00,0.7763722
2011-10-08 04:00:00,0.77063465
2011-10-08 06:00:00,0.79538554
2011-10-08 09:00:00,0.8042666
2011-10-08 11:00:00,0.5709795
2011-10-08 15:00:00,0.87310207
2011-10-08 19:00:00,0.8937634
2011-10-08 21:00:00,0.8473746
2011-10-08 23:00:00,0.62786686
2011-10-09 00:00:00,0.5799826
2011-10-09 01:00:00,0.42526665
2011-10-09 02:00:00,0.48798317
2011-10-09 04:00:00,0.586239
2011-10-09 05:00:00,0.57686967
2011-10-09 09:00:00,0.7268704
2011-10-09 10:00:00,0.56200695
2011-10-09 11:00:00,0.5561473
2011-10-09 12:00:00,0.61724627
2011-10-09 15:00:00,0.88884985
2011-10-09 17:00:00,0.63351285
2011-10-09 18:00:00,0.59463173
2011-10-09 20:00:00,0.6728824
2011-10-10 04:00:00,0.43039384
2011-10-10 05:00:00,0.05737567
2011-10-10 06:00:00,0.27587628
2011-10-10 07:00:00,0.4174843
2011-10-10 09:00:00,0.43249965
2011-10-10 10:00:00,0.5793722
2011-10-10 12:00:00,0.64324844
2011-10-10 13:00:00,0.32586634
2011-10-11 10:00:00,0.8072269
2011-10-11 12:00:00,0.46851206
2011-10-12 22:00:00,0.34274334
2011-10-13 03:00:00,0.8421253
2011-10-13 14:00:00,0.40640593
2011-10-13 15:00:00,0.19948727
2011-10-13 16:00:00,0.32977277
2011-10-13 22:00:00,0.28048465
2011-10-13 23:00:00,0.17687273
2011-10-14 00:00:00,0.0762364
2011-10-14 03:00:00,0.48313063
2011-10-14 05:00:00,0.6246319
2011-10-14 11:00:00,0.7171044
2011-10-14 12:00:00,0.3547373
2011-10-14 13:00:00,0.5072559
2011-10-14 15:00:00,0.7247646
2011-10-14 17:00:00,0.51647264
2011-10-14 20:00:00,0.7395053
2011-10-15 03:00:00,0.7018754
2011-10-15 05:00:00,0.39740282
2011-10-15 06:00:00,0.57464176
2011-10-15 09:00:00,0.83164203
2011-10-15 10:00:00,0.87859553
2011-10-15 11:00:00,0.7131369
2011-10-15 12:00:00,0.66213965
2011-10-15 14:00:00,0.5727496
2011-10-15 16:00:00,0.11664352
2011-10-15 21:00:00,0.45615187
2011-10-16 04:00:00,0.3237911
2011-10-16 06:00:00,0.54274946
2011-10-16 07:00:00,0.5493721
2011-10-16 09:00:00,0.8548517
2011-10-16 19:00:00,0.59048116
2011-10-16 20:00:00,0.50048065
2011-10-16 21:00:00,0.303618
2011-10-16 23:00:00,0.91274625
2011-10-17 04:00:00,0.2437703
2011-10-17 06:00:00,0.040010393
2011-10-17 07:00:00,0.54787666
2011-10-17 08:00:00,0.84185064
2011-10-17 10:00:00,0.8443532
2011-10-17 17:00:00,0.6610105
2011-10-17 23:00:00,0.6407459
2011-10-18 01:00:00,0.27926388
2011-10-18 02:00:00,0.21401432
2011-10-18 03:00:00,0.34365892
2011-10-18 04:00:00,0.23302764
2011-10-19 02:00:00,0.57763267
2011-10-19 05:00:00,0.45798302
2011-10-19 13:00:00,0.6739811
2011-10-20 03:00:00,0.5920071
2011-10-20 05:00:00,0.2841164
2011-10-20 06:00:00,0.1341309
2011-10-20 16:00:00,0.7246425
2011-10-20 17:00:00,0.77374756
2011-10-20 18:00:00,0.7300139
2011-10-20 19:00:00,0.7927609
2011-10-21 00:00:00,0.6025056
2011-10-21 01:00:00,0.6503899
2011-10-21 02:00:00,0.44089237
2011-10-21 04:00:00,0.30877572
2011-10-21 05:00:00,0.68200755
2011-10-21 06:00:00,0.74625
2011-10-21 07:00:00,0.8384936
2011-10-21 20:00:00,0.21322083
2011-10-21 21:00:00,0.2532312
2011-10-21 22:00:00,0.3569957
2011-10-21 23:00:00,0.71777576
2011-10-22 00:00:00,0.18749332
2011-10-22 01:00:00,0.37426946
2011-10-22 03:00:00,0.13025498
2011-10-22 06:00:00,0.09515816
2011-10-22 15:00:00,0.6488639
2011-10-22 19:00:00,0.77148914
2011-10-22 23:00:00,0.44788122
2011-10-23 00:00:00,0.2830177
2011-10-23 01:00:00,0.3935269
2011-10-23 06:00:00,0.26391286
2011-10-23 10:00:00,0.7103902
2011-10-23 12:00:00,0.60451984
2011-10-23 13:00:00,0.6156288
2011-10-23 14:00:00,0.31863338
2011-10-23 16:00:00,0.34787053
2011-10-23 17:00:00,0.33886743
2011-10-23 18:00:00,0.1951536
2011-10-23 20:00:00,0.15900385
2011-10-23 22:00:00,0.23061663
2011-10-23 23:00:00,0.16162848
2011-10-24 00:00:00,0.12988877
2011-10-24 02:00:00,0.12875956
2011-10-24 12:00:00,0.7898921
2011-10-24 19:00:00,0.17473638
2011-10-25 01:00:00,0.071505964
2011-10-25 04:00:00,0.019989938
2011-10-26 03:00:00,0.68475425
2011-10-27 03:00:00,0.49326295
2011-10-27 16:00:00,0.5971038
2011-10-27 17:00:00,0.43777943
2011-10-27 18:00:00,0.6394641
2011-10-28 09:00:00,0.725375
2011-10-28 15:00:00,0.800238
2011-10-28 16:00:00,0.5354859
2011-10-28 17:00:00,0.36239755
2011-10-28 18:00:00,0.28451315
2011-10-29 00:00:00,0.7615095
2011-10-29 01:00:00,0.6193826
2011-10-29 02:00:00,0.3283689
2011-10-29 05:00:00,0.8943433
2011-10-29 12:00:00,0.32000673
2011-10-29 18:00:00,0.26360765
2011-10-29 19:00:00,0.34625304
2011-10-29 20:00:00,0.3015122
2011-10-29 21:00:00,0.26089147
2011-10-29 22:00:00,0.3482673
2011-10-29 23:00:00,0.30090183
2011-10-30 01:00:00,0.46951917
2011-10-30 02:00:00,0.4985122
2011-10-30 04:00:00,0.8342514
2011-10-30 23:00:00,0.7995056
2011-10-31 01:00:00,0.4597531
2011-10-31 02:00:00,0.3155204
2011-10-31 03:00:00,0.31140035
2011-10-31 04:00:00,0.23836845
2011-10-31 05:00:00,0.48236766
2011-10-31 06:00:00,0.36224496
2011-10-31 07:00:00,0.5841027
2011-10-31 08:00:00,0.8338547
2011-10-31 17:00:00,0.52587247
2011-10-31 18:00:00,0.37100393
2011-11-01 03:00:00,0.30786017
2011-11-01 04:00:00,0.105748236
2011-11-01 14:00:00,0.0982711
2011-11-01 16:00:00,0.85674393
2011-11-01 22:00:00,0.24361771
2011-11-01 23:00:00,0.21712726
2011-11-02 00:00:00,0.5223933
2011-11-02 01:00:00,0.6782537
2011-11-02 02:00:00,0.6799017
2011-11-02 03:00:00,0.48938704
2011-11-02 23:00:00,0.297148
2011-11-03 00:00:00,0.08575833
2011-11-03 23:00:00,0.8043581
2011-11-04 01:00:00,0.11688769
2011-11-04 06:00:00,0.61260736
2011-11-04 07:00:00,0.53310543
2011-11-04 18:00:00,0.6300032
2011-11-04 21:00:00,0.6069919
2011-11-04 22:00:00,0.66674805
2011-11-04 23:00:00,0.5256283
2011-11-05 01:00:00,0.5409794
2011-11-05 03:00:00,0.23162377
2011-11-05 04:00:00,0.06262493
2011-11-05 05:00:00,0.85848355
2011-11-05 12:00:00,0.39902034
2011-11-05 13:00:00,0.3005051
2011-11-06 18:00:00,0.45551097
2011-11-06 20:00:00,0.12412068
2011-11-06 21:00:00,0.46777958
2011-11-06 23:00:00,0.7620283
2011-11-07 00:00:00,0.7198816
2011-11-07 03:00:00,0.43274382
2011-11-07 05:00:00,0.11765066
2011-11-07 08:00:00,0.70050204
2011-11-09 08:00:00,0.43597883
2011-11-09 09:00:00,0.4621336
2011-11-09 10:00:00,0.19674057
2011-11-09 15:00:00,0.5848656
2011-11-09 16:00:00,0.47449377
2011-11-09 19:00:00,0.26061678
2011-11-09 20:00:00,0.55062336
2011-11-10 00:00:00,0.2391009
2011-11-10 01:00:00,0.50746953
2011-11-10 02:00:00,0.5057299
2011-11-10 07:00:00,0.34597838
2011-11-10 08:00:00,0.525964
2011-11-10 13:00:00,0.28777868
2011-11-10 14:00:00,0.55514014
2011-11-10 16:00:00,0.46353745
2011-11-10 17:00:00,0.5272458
2011-11-10 18:00:00,0.30425894
2011-11-10 19:00:00,0.105259955
2011-11-10 21:00:00,0.2027528
2011-11-11 05:00:00,0.5593823
2011-11-11 06:00:00,0.6277753
2011-11-11 10:00:00,0.73138726
2011-11-11 18:00:00,0.51348174
2011-11-11 19:00:00,0.2000061
2011-11-11 20:00:00,0.15112996
2011-11-11 23:00:00,0.8776189
2011-11-12 00:00:00,0.84062994
2011-11-12 05:00:00,0.46112645
2011-11-12 07:00:00,0.19887692
2011-11-12 09:00:00,0.25362796
2011-11-12 11:00:00,0.7477759
2011-11-12 12:00:00,0.39648727
2011-11-12 16:00:00,0.1945127
2011-11-12 17:00:00,0.082035005
2011-11-12 21:00:00,0.033113092
2011-11-13 00:00:00,0.20214245
2011-11-13 18:00:00,0.8862252
2011-11-13 21:00:00,0.36541897
2011-11-13 22:00:00,0.36813515
2011-11-13 23:00:00,0.5603894
2011-11-14 00:00:00,0.554011
2011-11-14 01:00:00,0.35128868
2011-11-14 06:00:00,0.13886133
2011-11-14 09:00:00,0.5567577
2011-11-15 03:00:00,0.06363207
2011-11-15 06:00:00,0.67926085
2011-11-15 22:00:00,0.45264217
2011-11-15 23:00:00,0.27361786
2011-11-16 05:00:00,0.74786747
2011-11-16 13:00:00,0.59850764
2011-11-16 19:00:00,0.3012986
2011-11-16 20:00:00,0.3492744
2011-11-16 21:00:00,0.56322765
2011-11-16 23:00:00,0.3587658
2011-11-17 00:00:00,0.45450383
2011-11-17 03:00:00,0.92635775
2011-11-17 04:00:00,0.78000396
2011-11-17 05:00:00,0.43402562
2011-11-17 13:00:00,0.31011856
2011-11-17 14:00:00,0.15851557
2011-11-17 15:00:00,0.23598799
2011-11-17 16:00:00,0.21435001
2011-11-17 17:00:00,0.3822349
2011-11-17 18:00:00,0.48361894
2011-11-17 19:00:00,0.4024995
2011-11-17 20:00:00,0.3442388
2011-11-17 21:00:00,0.16899884
2011-11-18 00:00:00,0.19848016
2011-11-18 01:00:00,0.8477103
2011-11-18 02:00:00,0.5766255
2011-11-18 03:00:00,0.29089162
2011-11-18 06:00:00,0.4626219
2011-11-18 07:00:00,0.25664932
2011-11-18 09:00:00,0.9232448
2011-11-18 10:00:00,0.81537545
2011-11-18 11:00:00,0.85335636
2011-11-18 12:00:00,0.9616376
2011-11-18 17:00:00,0.57537425
2011-11-18 19:00:00,0.20311904
2011-11-19 10:00:00,0.82837653
2011-11-19 15:00:00,0.7362398
2011-11-19 18:00:00,0.22573361
2011-11-20 05:00:00,0.11551431
2011-11-20 06:00:00,0.28851113
2011-11-20 11:00:00,0.4552668
2011-11-20 12:00:00,0.09888148
2011-11-20 13:00:00,0.05523935
2011-11-20 17:00:00,0.083530426
2011-11-20 18:00:00,0.6037569
2011-11-20 23:00:00,0.7417332
2011-11-21 00:00:00,0.30975235
2011-11-21 05:00:00,0.07886103
2011-11-21 07:00:00,0.71725696
2011-11-21 09:00:00,0.37936613
2011-11-22 11:00:00,0.09463933
2011-11-22 20:00:00,0.2252453
2011-11-22 21:00:00,0.3273618
2011-11-22 23:00:00,0.3352357
2011-11-23 12:00:00,0.24898905
2011-11-23 13:00:00,0.21099293
2011-11-23 15:00:00,0.09311339
2011-11-23 23:00:00,0.10736576
2011-11-24 00:00:00,0.27099323
2011-11-24 02:00:00,0.69909817
2011-11-24 03:00:00,0.6011323
2011-11-24 04:00:00,0.33999664
2011-11-24 06:00:00,0.2699861
2011-11-24 09:00:00,0.06827095
2011-11-24 11:00:00,0.6194742
2011-11-24 13:00:00,0.29336363
2011-11-24 17:00:00,0.35449314
2011-11-24 18:00:00,0.16960922
2011-11-24 19:00:00,0.36135992
2011-11-24 20:00:00,0.2728549
2011-11-24 21:00:00,0.22860238
2011-12-01 10:00:00,0.3632521
2011-12-01 12:00:00,0.6556392
2011-12-01 14:00:00,0.11887142
2011-12-01 22:00:00,0.028382659
2011-12-01 23:00:00,0.050508916
2011-12-03 08:00:00,0.21013841
2011-12-03 09:00:00,0.041505814
2011-12-03 11:00:00,0.072116345
2011-12-06 11:00:00,0.579891
2011-12-06 12:00:00,0.38263166
2011-12-06 13:00:00,0.056765288
2011-12-07 16:00:00,0.33489996
2011-12-07 19:00:00,0.5807761
2011-12-07 20:00:00,0.21798179
2011-12-08 08:00:00,0.21114552
2011-12-08 09:00:00,0.22265118
2011-12-08 10:00:00,0.18377
2011-12-08 13:00:00,0.05261472
2011-12-08 14:00:00,0.22048435
2011-12-08 15:00:00,0.11523965
2011-12-08 16:00:00,0.19161338
2011-12-08 17:00:00,0.25262082
2011-12-08 19:00:00,0.87148464
2011-12-09 06:00:00,0.8498771
2011-12-09 13:00:00,0.80676913
2011-12-09 16:00:00,0.6347642
2011-12-09 17:00:00,0.51149803
2011-12-09 18:00:00,0.44501245
2011-12-09 19:00:00,0.68087834
2011-12-09 21:00:00,0.65450996
2011-12-09 22:00:00,0.68875223
2011-12-10 00:00:00,0.7726184
2011-12-10 01:00:00,0.7804923
2011-12-10 05:00:00,0.6499931
2011-12-10 14:00:00,0.82147926
2011-12-12 11:00:00,0.12888163
2011-12-13 03:00:00,0.10089573
2011-12-13 04:00:00,0.65188533
2011-12-13 11:00:00,0.77301514
2011-12-13 12:00:00,0.4486442
2011-12-13 14:00:00,0.34677184
2011-12-13 16:00:00,0.5327392
2011-12-13 17:00:00,0.44699618
2011-12-14 07:00:00,0.24840921
2011-12-14 13:00:00,0.7630354
2011-12-14 15:00:00,0.7530252
2011-12-14 17:00:00,0.5696672
2011-12-14 18:00:00,0.3066394
2011-12-14 22:00:00,0.5414982
2011-12-14 23:00:00,0.4536188
2011-12-15 05:00:00,0.47064838
2011-12-15 23:00:00,0.44888836
2011-12-16 00:00:00,0.59374666
2011-12-16 02:00:00,0.566127
2011-12-16 03:00:00,0.2617765
2011-12-16 04:00:00,0.078281164
2011-12-16 16:00:00,0.71649396
2011-12-16 20:00:00,0.13828146
2011-12-16 22:00:00,0.12363237
2011-12-17 00:00:00,0.08636871
2011-12-17 06:00:00,0.59450966
2011-12-17 12:00:00,0.26589656
2011-12-17 13:00:00,0.28115606
2011-12-17 14:00:00,0.25802267
2011-12-17 15:00:00,0.09665358
2011-12-18 05:00:00,0.7248562
2011-12-18 10:00:00,0.52514
2011-12-19 11:00:00,0.3150016
2011-12-19 13:00:00,0.2162422
2011-12-19 15:00:00,0.079013616
2011-12-19 17:00:00,0.35073933
2011-12-19 18:00:00,0.86083347
2011-12-19 22:00:00,0.40777928
2011-12-19 23:00:00,0.62875193
2011-12-20 10:00:00,0.8162605
2011-12-20 12:00:00,0.13614514
2011-12-24 11:00:00,0.87835133
2011-12-24 12:00:00,0.5161369
2011-12-24 14:00:00,0.14426321
2011-12-24 19:00:00,0.174126
2011-12-24 20:00:00,0.22899914
2011-12-24 22:00:00,0.3511361
2011-12-24 23:00:00,0.160011
2011-12-25 05:00:00,0.14789495
2011-12-25 06:00:00,0.7741138
2011-12-25 15:00:00,0.46176735
2011-12-25 16:00:00,0.46652833
2011-12-25 17:00:00,0.37451363
2011-12-25 18:00:00,0.36425924
2011-12-26 01:00:00,0.16251355
2011-12-26 02:00:00,0.49314085
2011-12-26 04:00:00,0.4436391
2011-12-26 05:00:00,0.46201152
2011-12-26 18:00:00,0.6692506
2011-12-26 20:00:00,0.5881312
2011-12-26 22:00:00,0.545252
2011-12-26 23:00:00,0.69687027
2011-12-27 00:00:00,0.64636135
2011-12-27 01:00:00,0.5689958
2011-12-27 03:00:00,0.53261715
2011-12-27 15:00:00,0.6473685
2011-12-27 18:00:00,0.26150185
2011-12-27 19:00:00,0.107762516
2011-12-27 21:00:00,0.26586604
2011-12-27 23:00:00,0.3852868
2011-12-29 08:00:00,0.5240108
2011-12-29 09:00:00,0.6541132
2011-12-29 10:00:00,0.19075885
2011-12-29 12:00:00,0.14050937
2011-12-31 11:00:00,0.12323561
2011-12-31 17:00:00,0.06988844
2011-12-31 18:00:00,0.038362354
